seq_id,study_label,arm_id,outcome_id,llm_mean,llm_n,human_mean,human_n,comparable,note,human_norm,llm_norm
19,Morality-Efficiency Tradeoffs: An Experimental Study,100k_cash_agency_pays,degree_of_favor_for_alternative_regulatory_regimes,1.0,50,,,False,outcome not found in GT extraction,,
19,Morality-Efficiency Tradeoffs: An Experimental Study,100k_cash_agency_pays,degree_of_moral_concern_associated_with_alternativ,9.0,50,,,False,outcome not found in GT extraction,,
19,Morality-Efficiency Tradeoffs: An Experimental Study,100k_cash_recipient_pays,degree_of_favor_for_alternative_regulatory_regimes,0.96,50,,,False,outcome not found in GT extraction,,
19,Morality-Efficiency Tradeoffs: An Experimental Study,100k_cash_recipient_pays,degree_of_moral_concern_associated_with_alternativ,7.68,50,,,False,outcome not found in GT extraction,,
19,Morality-Efficiency Tradeoffs: An Experimental Study,100k_noncash_agency_pays,degree_of_favor_for_alternative_regulatory_regimes,1.0,50,,,False,outcome not found in GT extraction,,
19,Morality-Efficiency Tradeoffs: An Experimental Study,100k_noncash_agency_pays,degree_of_moral_concern_associated_with_alternativ,8.24,50,,,False,outcome not found in GT extraction,,
19,Morality-Efficiency Tradeoffs: An Experimental Study,100k_noncash_recipient_pays,degree_of_favor_for_alternative_regulatory_regimes,1.0,50,,,False,outcome not found in GT extraction,,
19,Morality-Efficiency Tradeoffs: An Experimental Study,100k_noncash_recipient_pays,degree_of_moral_concern_associated_with_alternativ,5.86,50,,,False,outcome not found in GT extraction,,
19,Morality-Efficiency Tradeoffs: An Experimental Study,30k_cash_agency_pays,degree_of_favor_for_alternative_regulatory_regimes,1.0,50,,,False,outcome not found in GT extraction,,
19,Morality-Efficiency Tradeoffs: An Experimental Study,30k_cash_agency_pays,degree_of_moral_concern_associated_with_alternativ,8.52,50,,,False,outcome not found in GT extraction,,
19,Morality-Efficiency Tradeoffs: An Experimental Study,30k_cash_recipient_pays,degree_of_favor_for_alternative_regulatory_regimes,0.98,50,,,False,outcome not found in GT extraction,,
19,Morality-Efficiency Tradeoffs: An Experimental Study,30k_cash_recipient_pays,degree_of_moral_concern_associated_with_alternativ,6.6,50,,,False,outcome not found in GT extraction,,
19,Morality-Efficiency Tradeoffs: An Experimental Study,30k_noncash_agency_pays,degree_of_favor_for_alternative_regulatory_regimes,1.0,50,,,False,outcome not found in GT extraction,,
19,Morality-Efficiency Tradeoffs: An Experimental Study,30k_noncash_agency_pays,degree_of_moral_concern_associated_with_alternativ,8.04,50,,,False,outcome not found in GT extraction,,
19,Morality-Efficiency Tradeoffs: An Experimental Study,30k_noncash_recipient_pays,degree_of_favor_for_alternative_regulatory_regimes,1.0,50,,,False,outcome not found in GT extraction,,
19,Morality-Efficiency Tradeoffs: An Experimental Study,30k_noncash_recipient_pays,degree_of_moral_concern_associated_with_alternativ,5.54,50,,,False,outcome not found in GT extraction,,
19,Morality-Efficiency Tradeoffs: An Experimental Study,all_paid_donor_systems,degree_of_favor_for_alternative_regulatory_regimes,1.0,50,,,False,outcome not found in GT extraction,,
19,Morality-Efficiency Tradeoffs: An Experimental Study,all_paid_donor_systems,degree_of_moral_concern_associated_with_alternativ,6.86,50,,,False,outcome not found in GT extraction,,
19,Morality-Efficiency Tradeoffs: An Experimental Study,always_in_favor,degree_of_favor_for_alternative_regulatory_regimes,1.0,50,,,False,outcome not found in GT extraction,,
19,Morality-Efficiency Tradeoffs: An Experimental Study,always_in_favor,degree_of_moral_concern_associated_with_alternativ,8.32,50,,,False,outcome not found in GT extraction,,
19,Morality-Efficiency Tradeoffs: An Experimental Study,always_opposed,degree_of_favor_for_alternative_regulatory_regimes,0.1,50,,,False,outcome not found in GT extraction,,
19,Morality-Efficiency Tradeoffs: An Experimental Study,always_opposed,degree_of_moral_concern_associated_with_alternativ,-3.78,50,,,False,outcome not found in GT extraction,,
19,Morality-Efficiency Tradeoffs: An Experimental Study,current_system,degree_of_favor_for_alternative_regulatory_regimes,1.0,50,,,False,outcome not found in GT extraction,,
19,Morality-Efficiency Tradeoffs: An Experimental Study,current_system,degree_of_moral_concern_associated_with_alternativ,3.26,50,,,False,outcome not found in GT extraction,,
19,Morality-Efficiency Tradeoffs: An Experimental Study,favor_to_opposed,degree_of_favor_for_alternative_regulatory_regimes,0.7,50,,,False,outcome not found in GT extraction,,
19,Morality-Efficiency Tradeoffs: An Experimental Study,favor_to_opposed,degree_of_moral_concern_associated_with_alternativ,-0.82,50,,,False,outcome not found in GT extraction,,
19,Morality-Efficiency Tradeoffs: An Experimental Study,opposed_to_favor,degree_of_favor_for_alternative_regulatory_regimes,1.0,50,,,False,outcome not found in GT extraction,,
19,Morality-Efficiency Tradeoffs: An Experimental Study,opposed_to_favor,degree_of_moral_concern_associated_with_alternativ,4.16,50,,,False,outcome not found in GT extraction,,
19,Morality-Efficiency Tradeoffs: An Experimental Study,other,degree_of_favor_for_alternative_regulatory_regimes,0.58,50,,,False,outcome not found in GT extraction,,
19,Morality-Efficiency Tradeoffs: An Experimental Study,other,degree_of_moral_concern_associated_with_alternativ,-0.48,50,,,False,outcome not found in GT extraction,,
19,Morality-Efficiency Tradeoffs: An Experimental Study,systems_with_compensation_from_a_public_agency,degree_of_favor_for_alternative_regulatory_regimes,1.0,50,0.77,,True,"fuzzy_outcome_match:support_for_alternative_organ_procurement_systems(sim=degree_of_favor_for_alternative_regulatory_regimes,score=0.48)",,
19,Morality-Efficiency Tradeoffs: An Experimental Study,systems_with_compensation_from_a_public_agency,degree_of_moral_concern_associated_with_alternativ,7.8,50,,,False,outcome not found in GT extraction,,
19,Morality-Efficiency Tradeoffs: An Experimental Study,systems_with_payments_from_recipients,degree_of_favor_for_alternative_regulatory_regimes,1.0,50,0.63,,True,"fuzzy_outcome_match:support_for_alternative_organ_procurement_systems(sim=degree_of_favor_for_alternative_regulatory_regimes,score=0.48)",,
19,Morality-Efficiency Tradeoffs: An Experimental Study,systems_with_payments_from_recipients,degree_of_moral_concern_associated_with_alternativ,5.3,50,,,False,outcome not found in GT extraction,,
103,Beliefs about the Labor Market Impact of Immigration,control,actual_signing_of_the_petitions,0.02,50,0.045,3130,True,,-0.0478,-1.2602
103,Beliefs about the Labor Market Impact of Immigration,control,attitudes_towards_high_skilled_immigrants,3.98,50,0,3130,True,,-0.9529,0.748
103,Beliefs about the Labor Market Impact of Immigration,control,attitudes_towards_low_skilled_immigrants,3.96,50,0,3130,True,,-0.9529,0.7378
103,Beliefs about the Labor Market Impact of Immigration,control,intention_to_sign_the_petitions,0.66,50,0,3130,True,,-0.9529,-0.9356
103,Beliefs about the Labor Market Impact of Immigration,treatment,actual_signing_of_the_petitions,0.72,50,0.041,3130,True,,-0.1282,-0.9052
103,Beliefs about the Labor Market Impact of Immigration,treatment,attitudes_towards_high_skilled_immigrants,4.94,50,0.04,3130,True,,-0.1483,1.2348
103,Beliefs about the Labor Market Impact of Immigration,treatment,attitudes_towards_low_skilled_immigrants,4.86,50,0.112,3130,True,,1.2998,1.1942
103,Beliefs about the Labor Market Impact of Immigration,treatment,intention_to_sign_the_petitions,0.9,50,0.141,3130,True,,1.8831,-0.8139
118,Sharing Responsibility for the Good,bil,belief_about_partner_s_wtp,1.4224,50,0.78,,True,,-1.2147,-0.5462
118,Sharing Responsibility for the Good,bil,wtp_for_measles_vaccination,1.2154,50,0.78,,True,,-1.2147,-0.921
118,Sharing Responsibility for the Good,ind_active,belief_about_partner_s_wtp,2.5,50,0.98,,True,,-0.0199,1.405
118,Sharing Responsibility for the Good,ind_active,wtp_for_measles_vaccination,2.5,50,0.98,,True,,-0.0199,1.405
118,Sharing Responsibility for the Good,ind_passive,belief_about_partner_s_wtp,1.3778,50,1.19,119,True,,1.2346,-0.627
118,Sharing Responsibility for the Good,ind_passive,wtp_for_measles_vaccination,1.3288,50,1.19,119,True,,1.2346,-0.7157
125,An Experimental Approach to Relative Income and Happiness,hh_pts,subjective_well_being_mood_short_form_item_1,4.66,50,,,False,outcome not found in GT extraction,,
125,An Experimental Approach to Relative Income and Happiness,hh_pts,subjective_well_being_mood_short_form_item_2,4.62,50,,,False,outcome not found in GT extraction,,
125,An Experimental Approach to Relative Income and Happiness,hh_pts,subjective_well_being_mood_short_form_item_3,4.6,50,,,False,outcome not found in GT extraction,,
125,An Experimental Approach to Relative Income and Happiness,hh_pts,subjective_well_being_mood_short_form_item_4,4.6,50,,,False,outcome not found in GT extraction,,
125,An Experimental Approach to Relative Income and Happiness,hh_pts_1,subjective_well_being_mood_short_form_item_1,4.02,50,,,False,outcome not found in GT extraction,,
125,An Experimental Approach to Relative Income and Happiness,hh_pts_1,subjective_well_being_mood_short_form_item_2,4.02,50,,,False,outcome not found in GT extraction,,
125,An Experimental Approach to Relative Income and Happiness,hh_pts_1,subjective_well_being_mood_short_form_item_3,4.06,50,,,False,outcome not found in GT extraction,,
125,An Experimental Approach to Relative Income and Happiness,hh_pts_1,subjective_well_being_mood_short_form_item_4,4.0,50,,,False,outcome not found in GT extraction,,
125,An Experimental Approach to Relative Income and Happiness,hl_pts,subjective_well_being_mood_short_form_item_1,4.02,50,,,False,outcome not found in GT extraction,,
125,An Experimental Approach to Relative Income and Happiness,hl_pts,subjective_well_being_mood_short_form_item_2,4.02,50,,,False,outcome not found in GT extraction,,
125,An Experimental Approach to Relative Income and Happiness,hl_pts,subjective_well_being_mood_short_form_item_3,4.02,50,,,False,outcome not found in GT extraction,,
125,An Experimental Approach to Relative Income and Happiness,hl_pts,subjective_well_being_mood_short_form_item_4,4.04,50,,,False,outcome not found in GT extraction,,
125,An Experimental Approach to Relative Income and Happiness,hl_pts_1,subjective_well_being_mood_short_form_item_1,3.92,50,,,False,outcome not found in GT extraction,,
125,An Experimental Approach to Relative Income and Happiness,hl_pts_1,subjective_well_being_mood_short_form_item_2,3.88,50,,,False,outcome not found in GT extraction,,
125,An Experimental Approach to Relative Income and Happiness,hl_pts_1,subjective_well_being_mood_short_form_item_3,3.96,50,,,False,outcome not found in GT extraction,,
125,An Experimental Approach to Relative Income and Happiness,hl_pts_1,subjective_well_being_mood_short_form_item_4,3.92,50,,,False,outcome not found in GT extraction,,
125,An Experimental Approach to Relative Income and Happiness,lh_pts,subjective_well_being_mood_short_form_item_1,2.1,50,,,False,outcome not found in GT extraction,,
125,An Experimental Approach to Relative Income and Happiness,lh_pts,subjective_well_being_mood_short_form_item_2,2.34,50,,,False,outcome not found in GT extraction,,
125,An Experimental Approach to Relative Income and Happiness,lh_pts,subjective_well_being_mood_short_form_item_3,2.38,50,,,False,outcome not found in GT extraction,,
125,An Experimental Approach to Relative Income and Happiness,lh_pts,subjective_well_being_mood_short_form_item_4,2.2,50,,,False,outcome not found in GT extraction,,
125,An Experimental Approach to Relative Income and Happiness,lh_pts_1,subjective_well_being_mood_short_form_item_1,2.44,50,,,False,outcome not found in GT extraction,,
125,An Experimental Approach to Relative Income and Happiness,lh_pts_1,subjective_well_being_mood_short_form_item_2,2.5,50,,,False,outcome not found in GT extraction,,
125,An Experimental Approach to Relative Income and Happiness,lh_pts_1,subjective_well_being_mood_short_form_item_3,2.36,50,,,False,outcome not found in GT extraction,,
125,An Experimental Approach to Relative Income and Happiness,lh_pts_1,subjective_well_being_mood_short_form_item_4,2.46,50,,,False,outcome not found in GT extraction,,
125,An Experimental Approach to Relative Income and Happiness,ll_pts,subjective_well_being_mood_short_form_item_1,3.52,50,,,False,outcome not found in GT extraction,,
125,An Experimental Approach to Relative Income and Happiness,ll_pts,subjective_well_being_mood_short_form_item_2,3.6,50,,,False,outcome not found in GT extraction,,
125,An Experimental Approach to Relative Income and Happiness,ll_pts,subjective_well_being_mood_short_form_item_3,3.64,50,,,False,outcome not found in GT extraction,,
125,An Experimental Approach to Relative Income and Happiness,ll_pts,subjective_well_being_mood_short_form_item_4,3.72,50,,,False,outcome not found in GT extraction,,
125,An Experimental Approach to Relative Income and Happiness,ll_pts_1,subjective_well_being_mood_short_form_item_1,3.14,50,,,False,outcome not found in GT extraction,,
125,An Experimental Approach to Relative Income and Happiness,ll_pts_1,subjective_well_being_mood_short_form_item_2,3.22,50,,,False,outcome not found in GT extraction,,
125,An Experimental Approach to Relative Income and Happiness,ll_pts_1,subjective_well_being_mood_short_form_item_3,3.26,50,,,False,outcome not found in GT extraction,,
125,An Experimental Approach to Relative Income and Happiness,ll_pts_1,subjective_well_being_mood_short_form_item_4,3.3,50,,,False,outcome not found in GT extraction,,
131,Cash transfer narratives and charitable giving,community_empowerment_organization,donation,45.34,50,,,False,outcome not found in GT extraction,,
131,Cash transfer narratives and charitable giving,individual_empowerment_organization,donation,51.6,50,,,False,outcome not found in GT extraction,,
131,Cash transfer narratives and charitable giving,poverty_alleviation_organization,donation,60.78,50,,,False,outcome not found in GT extraction,,
141,Attitudes towards hiring decisions,all_constant,pro_women_attitude,0.0,50,,,False,outcome not found in GT extraction,,
141,Attitudes towards hiring decisions,all_constant,pro_women_attitude_after_reflection,0.5,50,,,False,outcome not found in GT extraction,,
141,Attitudes towards hiring decisions,control_group,pro_women_attitude,11.04,50,,,False,outcome not found in GT extraction,,
141,Attitudes towards hiring decisions,control_group,pro_women_attitude_after_reflection,0.3,50,,,False,outcome not found in GT extraction,,
141,Attitudes towards hiring decisions,man_discr,pro_women_attitude,10.3,50,,,False,outcome not found in GT extraction,,
141,Attitudes towards hiring decisions,man_discr,pro_women_attitude_after_reflection,0.1,50,,,False,outcome not found in GT extraction,,
141,Attitudes towards hiring decisions,man_discr_1st_judgment,pro_women_attitude,11.8,50,,,False,outcome not found in GT extraction,,
141,Attitudes towards hiring decisions,man_discr_1st_judgment,pro_women_attitude_after_reflection,0.14,50,,,False,outcome not found in GT extraction,,
141,Attitudes towards hiring decisions,man_discr_2nd_judgment,pro_women_attitude,11.8,50,,,False,outcome not found in GT extraction,,
141,Attitudes towards hiring decisions,man_discr_2nd_judgment,pro_women_attitude_after_reflection,0.18,50,,,False,outcome not found in GT extraction,,
141,Attitudes towards hiring decisions,mturk_sample,pro_women_attitude,9.76,50,,,False,outcome not found in GT extraction,,
141,Attitudes towards hiring decisions,mturk_sample,pro_women_attitude_after_reflection,0.9,50,,,False,outcome not found in GT extraction,,
141,Attitudes towards hiring decisions,neutral,pro_women_attitude,48.0,50,0.37,1169,True,"fuzzy_outcome_match:pro_women_attitude_after_reflection_self_classifie(sim=pro_women_attitude,score=0.53)",0.8154,1.399
141,Attitudes towards hiring decisions,neutral,pro_women_attitude_after_reflection,0.0,50,0.37,1169,True,"fuzzy_outcome_match:pro_women_attitude_after_reflection_self_classifie(sim=pro_women_attitude_after_reflection,score=0.82)",0.8154,-0.9602
141,Attitudes towards hiring decisions,no_discrimination,pro_women_attitude,7.6,50,,,False,outcome not found in GT extraction,,
141,Attitudes towards hiring decisions,no_discrimination,pro_women_attitude_after_reflection,0.6,50,,,False,outcome not found in GT extraction,,
141,Attitudes towards hiring decisions,pro_men,pro_women_attitude,42.1,50,0.27,1169,True,"fuzzy_outcome_match:pro_women_attitude_after_reflection_self_classifie(sim=pro_women_attitude,score=0.53)",-1.4084,1.109
141,Attitudes towards hiring decisions,pro_men,pro_women_attitude_after_reflection,0.0,50,0.27,1169,True,"fuzzy_outcome_match:pro_women_attitude_after_reflection_self_classifie(sim=pro_women_attitude_after_reflection,score=0.82)",-1.4084,-0.9602
141,Attitudes towards hiring decisions,pro_women,pro_women_attitude,26.4,50,0.36,1169,True,"fuzzy_outcome_match:pro_women_attitude_after_reflection_self_classifie(sim=pro_women_attitude,score=0.53)",0.593,0.3373
141,Attitudes towards hiring decisions,pro_women,pro_women_attitude_after_reflection,0.72,50,0.36,1169,True,"fuzzy_outcome_match:pro_women_attitude_after_reflection_self_classifie(sim=pro_women_attitude_after_reflection,score=0.82)",0.593,-0.9248
141,Attitudes towards hiring decisions,qualtrics_sample,pro_women_attitude,50.38,50,,,False,outcome not found in GT extraction,,
141,Attitudes towards hiring decisions,qualtrics_sample,pro_women_attitude_after_reflection,0.34,50,,,False,outcome not found in GT extraction,,
141,Attitudes towards hiring decisions,same_effort,pro_women_attitude,0.3,50,,,False,outcome not found in GT extraction,,
141,Attitudes towards hiring decisions,same_effort,pro_women_attitude_after_reflection,0.58,50,,,False,outcome not found in GT extraction,,
141,Attitudes towards hiring decisions,same_suffering,pro_women_attitude,0.0,50,,,False,outcome not found in GT extraction,,
141,Attitudes towards hiring decisions,same_suffering,pro_women_attitude_after_reflection,0.74,50,,,False,outcome not found in GT extraction,,
141,Attitudes towards hiring decisions,woman_discr,pro_women_attitude,7.8,50,,,False,outcome not found in GT extraction,,
141,Attitudes towards hiring decisions,woman_discr,pro_women_attitude_after_reflection,0.98,50,,,False,outcome not found in GT extraction,,
141,Attitudes towards hiring decisions,woman_discr_1st_judgment,pro_women_attitude,6.7,50,,,False,outcome not found in GT extraction,,
141,Attitudes towards hiring decisions,woman_discr_1st_judgment,pro_women_attitude_after_reflection,0.92,50,,,False,outcome not found in GT extraction,,
141,Attitudes towards hiring decisions,woman_discr_2nd_judgment,pro_women_attitude,6.7,50,,,False,outcome not found in GT extraction,,
141,Attitudes towards hiring decisions,woman_discr_2nd_judgment,pro_women_attitude_after_reflection,0.92,50,,,False,outcome not found in GT extraction,,
145,Student Loan Repayment Plan Choice Pilot Survey,10_20k_15y,choice_of_income_based_repayment_plan_over_the_10,2.0,50,,,False,outcome not found in GT extraction,,
145,Student Loan Repayment Plan Choice Pilot Survey,10_20k_20y,choice_of_income_based_repayment_plan_over_the_10,1.96,50,,,False,outcome not found in GT extraction,,
145,Student Loan Repayment Plan Choice Pilot Survey,10_30k_15y,choice_of_income_based_repayment_plan_over_the_10,1.98,50,,,False,outcome not found in GT extraction,,
145,Student Loan Repayment Plan Choice Pilot Survey,10_30k_20y,choice_of_income_based_repayment_plan_over_the_10,2.0,50,,,False,outcome not found in GT extraction,,
145,Student Loan Repayment Plan Choice Pilot Survey,5_20k_15y,choice_of_income_based_repayment_plan_over_the_10,2.0,50,,,False,outcome not found in GT extraction,,
145,Student Loan Repayment Plan Choice Pilot Survey,5_20k_20y,choice_of_income_based_repayment_plan_over_the_10,2.0,50,,,False,outcome not found in GT extraction,,
145,Student Loan Repayment Plan Choice Pilot Survey,5_30k_15y,choice_of_income_based_repayment_plan_over_the_10,2.0,50,,,False,outcome not found in GT extraction,,
145,Student Loan Repayment Plan Choice Pilot Survey,5_30k_20y,choice_of_income_based_repayment_plan_over_the_10,2.0,50,,,False,outcome not found in GT extraction,,
145,Student Loan Repayment Plan Choice Pilot Survey,exempt_income_20_000,choice_of_income_based_repayment_plan_over_the_10,2.0,50,,,False,outcome not found in GT extraction,,
145,Student Loan Repayment Plan Choice Pilot Survey,exempt_income_30_000,choice_of_income_based_repayment_plan_over_the_10,2.0,50,,,False,outcome not found in GT extraction,,
145,Student Loan Repayment Plan Choice Pilot Survey,percent_income_10,choice_of_income_based_repayment_plan_over_the_10,1.86,50,,,False,outcome not found in GT extraction,,
145,Student Loan Repayment Plan Choice Pilot Survey,percent_income_5,choice_of_income_based_repayment_plan_over_the_10,1.98,50,,,False,outcome not found in GT extraction,,
145,Student Loan Repayment Plan Choice Pilot Survey,years_until_loan_forgiveness_15,choice_of_income_based_repayment_plan_over_the_10,1.92,50,,,False,outcome not found in GT extraction,,
145,Student Loan Repayment Plan Choice Pilot Survey,years_until_loan_forgiveness_20,choice_of_income_based_repayment_plan_over_the_10,1.96,50,,,False,outcome not found in GT extraction,,
150,"Combatting COVID-19: Measuring and Changing Beliefs, Knowledge and Behaviors",control,index_of_covid_19_overall_knowledge,0.96,50,0.781,847,True,"fuzzy_outcome_match:overall_test_score(sim=index_of_covid_19_overall_knowledge,score=0.38)",-1.1943,-1.7321
150,"Combatting COVID-19: Measuring and Changing Beliefs, Knowledge and Behaviors",incentive,index_of_covid_19_overall_knowledge,1.0,50,0.801,414,True,"fuzzy_outcome_match:overall_test_score(sim=index_of_covid_19_overall_knowledge,score=0.38)",-0.0781,0.5774
150,"Combatting COVID-19: Measuring and Changing Beliefs, Knowledge and Behaviors",incentive_plus_teaching,index_of_covid_19_overall_knowledge,1.0,50,0.8306,438,True,"fuzzy_outcome_match:overall_test_score(sim=index_of_covid_19_overall_knowledge,score=0.38)",1.5738,0.5774
150,"Combatting COVID-19: Measuring and Changing Beliefs, Knowledge and Behaviors",teaching,index_of_covid_19_overall_knowledge,1.0,50,0.797,418,True,"fuzzy_outcome_match:overall_test_score(sim=index_of_covid_19_overall_knowledge,score=0.38)",-0.3014,0.5774
151,The Effect of Self-awareness on Dishonesty (Wave 2),controlgroup,cheaptalksenderreceivergame,0.6,50,,,False,outcome not found in GT extraction,,
151,The Effect of Self-awareness on Dishonesty (Wave 2),controlgroup,matrixpuzzle,3.72,50,7.059,101,True,"fuzzy_outcome_match:no_of_matrix_reported_to_be_solved(sim=matrixpuzzle,score=0.39)",1.7387,-1.4884
151,The Effect of Self-awareness on Dishonesty (Wave 2),controlgroup,modifiedmatrixpuzzle,3.16,50,7.059,101,True,"fuzzy_outcome_match:no_of_matrix_reported_to_be_solved(sim=modifiedmatrixpuzzle,score=0.41)",1.7387,-1.8942
151,The Effect of Self-awareness on Dishonesty (Wave 2),highdishonestytr,cheaptalksenderreceivergame,0.1,50,,,False,outcome not found in GT extraction,,
151,The Effect of Self-awareness on Dishonesty (Wave 2),highdishonestytr,matrixpuzzle,6.14,50,4.885,87,True,"fuzzy_outcome_match:no_of_matrix_reported_to_be_solved(sim=matrixpuzzle,score=0.39)",-1.1507,0.2652
151,The Effect of Self-awareness on Dishonesty (Wave 2),highdishonestytr,modifiedmatrixpuzzle,6.82,50,4.885,87,True,"fuzzy_outcome_match:no_of_matrix_reported_to_be_solved(sim=modifiedmatrixpuzzle,score=0.41)",-1.1507,0.758
151,The Effect of Self-awareness on Dishonesty (Wave 2),honestytreatment,cheaptalksenderreceivergame,0.14,50,,,False,outcome not found in GT extraction,,
151,The Effect of Self-awareness on Dishonesty (Wave 2),honestytreatment,matrixpuzzle,7.0,50,6.053,76,True,"fuzzy_outcome_match:no_of_matrix_reported_to_be_solved(sim=matrixpuzzle,score=0.39)",0.4016,0.8884
151,The Effect of Self-awareness on Dishonesty (Wave 2),honestytreatment,modifiedmatrixpuzzle,7.0,50,6.053,76,True,"fuzzy_outcome_match:no_of_matrix_reported_to_be_solved(sim=modifiedmatrixpuzzle,score=0.41)",0.4016,0.8884
151,The Effect of Self-awareness on Dishonesty (Wave 2),lowdishonestytr,cheaptalksenderreceivergame,0.16,50,,,False,outcome not found in GT extraction,,
151,The Effect of Self-awareness on Dishonesty (Wave 2),lowdishonestytr,matrixpuzzle,5.4,50,5.356,104,True,"fuzzy_outcome_match:no_of_matrix_reported_to_be_solved(sim=matrixpuzzle,score=0.39)",-0.5247,-0.271
151,The Effect of Self-awareness on Dishonesty (Wave 2),lowdishonestytr,modifiedmatrixpuzzle,4.72,50,5.356,104,True,"fuzzy_outcome_match:no_of_matrix_reported_to_be_solved(sim=modifiedmatrixpuzzle,score=0.41)",-0.5247,-0.7638
151,The Effect of Self-awareness on Dishonesty (Wave 2),treatmentgroups,cheaptalksenderreceivergame,0.9,50,,,False,outcome not found in GT extraction,,
151,The Effect of Self-awareness on Dishonesty (Wave 2),treatmentgroups,matrixpuzzle,6.8,50,5.401,267,True,"fuzzy_outcome_match:no_of_matrix_reported_to_be_solved(sim=matrixpuzzle,score=0.39)",-0.4649,0.7435
151,The Effect of Self-awareness on Dishonesty (Wave 2),treatmentgroups,modifiedmatrixpuzzle,6.98,50,5.401,267,True,"fuzzy_outcome_match:no_of_matrix_reported_to_be_solved(sim=modifiedmatrixpuzzle,score=0.41)",-0.4649,0.8739
152,When is Discrimination Unfair?,black_discriminatees_less_justifiable,fairness_assessment_of_the_incident_described_in_a,1.94,50,,,False,outcome not found in GT extraction,,
152,When is Discrimination Unfair?,black_discriminatees_more_justifiable,fairness_assessment_of_the_incident_described_in_a,3.66,50,,,False,outcome not found in GT extraction,,
152,When is Discrimination Unfair?,less_justifiable_statistical_discrimination,fairness_assessment_of_the_incident_described_in_a,7.0,50,,,False,outcome not found in GT extraction,,
152,When is Discrimination Unfair?,less_justifiable_taste_based_discrimination,fairness_assessment_of_the_incident_described_in_a,7.0,50,,,False,outcome not found in GT extraction,,
152,When is Discrimination Unfair?,more_justifiable_statistical_discrimination,fairness_assessment_of_the_incident_described_in_a,6.32,50,,,False,outcome not found in GT extraction,,
152,When is Discrimination Unfair?,more_justifiable_taste_based_discrimination,fairness_assessment_of_the_incident_described_in_a,7.0,50,,,False,outcome not found in GT extraction,,
152,When is Discrimination Unfair?,sb,fairness_assessment_of_the_incident_described_in_a,4.1,50,,,False,outcome not found in GT extraction,,
152,When is Discrimination Unfair?,sw,fairness_assessment_of_the_incident_described_in_a,4.04,50,,,False,outcome not found in GT extraction,,
152,When is Discrimination Unfair?,tb,fairness_assessment_of_the_incident_described_in_a,2.7,50,,,False,outcome not found in GT extraction,,
152,When is Discrimination Unfair?,tw,fairness_assessment_of_the_incident_described_in_a,4.0,50,,,False,outcome not found in GT extraction,,
152,When is Discrimination Unfair?,white_discriminatees_less_justifiable,fairness_assessment_of_the_incident_described_in_a,4.0,50,,,False,outcome not found in GT extraction,,
152,When is Discrimination Unfair?,white_discriminatees_more_justifiable,fairness_assessment_of_the_incident_described_in_a,4.0,50,,,False,outcome not found in GT extraction,,
159,"Fake News: Susceptibility, Awareness and Solutions",control,confidence_in_beliefs,0.94,50,,,False,outcome not found in GT extraction,,
159,"Fake News: Susceptibility, Awareness and Solutions",control,fake_news_detection_ability,1.64,50,,,False,outcome not found in GT extraction,,
159,"Fake News: Susceptibility, Awareness and Solutions",control,mid_task_beliefs_about_ability,7.0,50,,,False,outcome not found in GT extraction,,
159,"Fake News: Susceptibility, Awareness and Solutions",control,posterior_beliefs_about_ability,7.0,50,,,False,outcome not found in GT extraction,,
159,"Fake News: Susceptibility, Awareness and Solutions",control,prior_beliefs_about_ability,7.0,50,,,False,outcome not found in GT extraction,,
159,"Fake News: Susceptibility, Awareness and Solutions",control_group,confidence_in_beliefs,0.935,50,2.09,2413,True,"fuzzy_outcome_match:error_in_posterior_beliefs_poe(sim=confidence_in_beliefs,score=0.47)",1.0,-1.7391
159,"Fake News: Susceptibility, Awareness and Solutions",control_group,fake_news_detection_ability,1.44,50,,,False,outcome not found in GT extraction,,
159,"Fake News: Susceptibility, Awareness and Solutions",control_group,mid_task_beliefs_about_ability,6.98,50,2.09,2413,True,"fuzzy_outcome_match:error_in_posterior_beliefs_poe(sim=mid_task_beliefs_about_ability,score=0.43)",1.0,0.542
159,"Fake News: Susceptibility, Awareness and Solutions",control_group,posterior_beliefs_about_ability,7.02,50,2.09,2413,True,"fuzzy_outcome_match:error_in_posterior_beliefs_poe(sim=posterior_beliefs_about_ability,score=0.62)",1.0,0.5571
159,"Fake News: Susceptibility, Awareness and Solutions",control_group,prior_beliefs_about_ability,7.02,50,2.09,2413,True,"fuzzy_outcome_match:error_in_posterior_beliefs_poe(sim=prior_beliefs_about_ability,score=0.53)",1.0,0.5571
159,"Fake News: Susceptibility, Awareness and Solutions",score_revelation_treatment,confidence_in_beliefs,0.975,50,1.887,2413,True,"fuzzy_outcome_match:error_in_posterior_beliefs_poe(sim=confidence_in_beliefs,score=0.47)",-1.0,-1.724
159,"Fake News: Susceptibility, Awareness and Solutions",score_revelation_treatment,fake_news_detection_ability,1.0,50,,,False,outcome not found in GT extraction,,
159,"Fake News: Susceptibility, Awareness and Solutions",score_revelation_treatment,mid_task_beliefs_about_ability,7.2,50,1.887,2413,True,"fuzzy_outcome_match:error_in_posterior_beliefs_poe(sim=mid_task_beliefs_about_ability,score=0.43)",-1.0,0.625
159,"Fake News: Susceptibility, Awareness and Solutions",score_revelation_treatment,posterior_beliefs_about_ability,7.12,50,1.887,2413,True,"fuzzy_outcome_match:error_in_posterior_beliefs_poe(sim=posterior_beliefs_about_ability,score=0.62)",-1.0,0.5948
159,"Fake News: Susceptibility, Awareness and Solutions",score_revelation_treatment,prior_beliefs_about_ability,7.1,50,1.887,2413,True,"fuzzy_outcome_match:error_in_posterior_beliefs_poe(sim=prior_beliefs_about_ability,score=0.53)",-1.0,0.5872
159,"Fake News: Susceptibility, Awareness and Solutions",treatment,confidence_in_beliefs,0.985,50,,,False,outcome not found in GT extraction,,
159,"Fake News: Susceptibility, Awareness and Solutions",treatment,fake_news_detection_ability,1.0,50,,,False,outcome not found in GT extraction,,
159,"Fake News: Susceptibility, Awareness and Solutions",treatment,mid_task_beliefs_about_ability,7.06,50,,,False,outcome not found in GT extraction,,
159,"Fake News: Susceptibility, Awareness and Solutions",treatment,posterior_beliefs_about_ability,7.0,50,,,False,outcome not found in GT extraction,,
159,"Fake News: Susceptibility, Awareness and Solutions",treatment,prior_beliefs_about_ability,7.08,50,,,False,outcome not found in GT extraction,,
162,Job Characteristics and Attraction to Public Sector Employment: The Moderating Effects of Public Service Motivation and Self-Efficacy,a_job_involving_more_direct_engagement_with_commun,job_attraction,0.76,50,0.5,9006,True,,-0.9336,-2.5971
162,Job Characteristics and Attraction to Public Sector Employment: The Moderating Effects of Public Service Motivation and Self-Efficacy,aboutaverage,job_attraction,0.86,50,,,False,arm not found in GT extraction,,
162,Job Characteristics and Attraction to Public Sector Employment: The Moderating Effects of Public Service Motivation and Self-Efficacy,alargepartofyourpotentialpay_20,job_attraction,0.86,50,,,False,arm not found in GT extraction,,
162,Job Characteristics and Attraction to Public Sector Employment: The Moderating Effects of Public Service Motivation and Self-Efficacy,amoderatepartofyourpotentialpay_10,job_attraction,1.0,50,,,False,arm not found in GT extraction,,
162,Job Characteristics and Attraction to Public Sector Employment: The Moderating Effects of Public Service Motivation and Self-Efficacy,an_average_or_high_income_community,job_attraction,0.98,50,0.563,9006,True,,0.8692,0.371
162,Job Characteristics and Attraction to Public Sector Employment: The Moderating Effects of Public Service Motivation and Self-Efficacy,analysisidentifyingcommunityneeds,job_attraction,0.9,50,,,False,arm not found in GT extraction,,
162,Job Characteristics and Attraction to Public Sector Employment: The Moderating Effects of Public Service Motivation and Self-Efficacy,analytical_job,job_attraction,1.0,50,0.558,9006,True,,0.7261,0.6409
162,Job Characteristics and Attraction to Public Sector Employment: The Moderating Effects of Public Service Motivation and Self-Efficacy,asmallpartofyourpotentialpay_5,job_attraction,0.98,50,,,False,arm not found in GT extraction,,
162,Job Characteristics and Attraction to Public Sector Employment: The Moderating Effects of Public Service Motivation and Self-Efficacy,asupervisorevaluationofyourwork,job_attraction,1.0,50,,,False,arm not found in GT extraction,,
162,Job Characteristics and Attraction to Public Sector Employment: The Moderating Effects of Public Service Motivation and Self-Efficacy,attendancenumbersforprojecthopeevents,job_attraction,0.98,50,,,False,arm not found in GT extraction,,
162,Job Characteristics and Attraction to Public Sector Employment: The Moderating Effects of Public Service Motivation and Self-Efficacy,averageincome,job_attraction,0.96,50,,,False,arm not found in GT extraction,,
162,Job Characteristics and Attraction to Public Sector Employment: The Moderating Effects of Public Service Motivation and Self-Efficacy,changesincommunitycrime_poverty_andblight,job_attraction,0.92,50,,,False,arm not found in GT extraction,,
162,Job Characteristics and Attraction to Public Sector Employment: The Moderating Effects of Public Service Motivation and Self-Efficacy,coordinationwithcommunitygroupsandorganizations,job_attraction,0.98,50,,,False,arm not found in GT extraction,,
162,Job Characteristics and Attraction to Public Sector Employment: The Moderating Effects of Public Service Motivation and Self-Efficacy,directinteractionwithcommunityresidents,job_attraction,0.92,50,,,False,arm not found in GT extraction,,
162,Job Characteristics and Attraction to Public Sector Employment: The Moderating Effects of Public Service Motivation and Self-Efficacy,fixed_pay_job,job_attraction,0.96,50,0.5,9006,True,,-0.9336,0.1012
162,Job Characteristics and Attraction to Public Sector Employment: The Moderating Effects of Public Service Motivation and Self-Efficacy,frequentlyrequired,job_attraction,0.94,50,,,False,arm not found in GT extraction,,
162,Job Characteristics and Attraction to Public Sector Employment: The Moderating Effects of Public Service Motivation and Self-Efficacy,frequentparticipation,job_attraction,0.86,50,,,False,arm not found in GT extraction,,
162,Job Characteristics and Attraction to Public Sector Employment: The Moderating Effects of Public Service Motivation and Self-Efficacy,highincome,job_attraction,0.98,50,,,False,arm not found in GT extraction,,
162,Job Characteristics and Attraction to Public Sector Employment: The Moderating Effects of Public Service Motivation and Self-Efficacy,low_income_community,job_attraction,1.0,50,0.5,9006,True,,-0.9336,0.6409
162,Job Characteristics and Attraction to Public Sector Employment: The Moderating Effects of Public Service Motivation and Self-Efficacy,lowincome,job_attraction,0.32,50,,,False,arm not found in GT extraction,,
162,Job Characteristics and Attraction to Public Sector Employment: The Moderating Effects of Public Service Motivation and Self-Efficacy,moderateparticipation,job_attraction,0.62,50,,,False,arm not found in GT extraction,,
162,Job Characteristics and Attraction to Public Sector Employment: The Moderating Effects of Public Service Motivation and Self-Efficacy,mostly_non_white,job_attraction,0.98,50,0.594,9006,True,,1.7563,0.371
162,Job Characteristics and Attraction to Public Sector Employment: The Moderating Effects of Public Service Motivation and Self-Efficacy,mostly_white_community,job_attraction,0.96,50,0.5,9006,True,,-0.9336,0.1012
162,Job Characteristics and Attraction to Public Sector Employment: The Moderating Effects of Public Service Motivation and Self-Efficacy,mostlyafricanamerican,job_attraction,0.78,50,,,False,arm not found in GT extraction,,
162,Job Characteristics and Attraction to Public Sector Employment: The Moderating Effects of Public Service Motivation and Self-Efficacy,mostlyhispanic,job_attraction,0.76,50,,,False,arm not found in GT extraction,,
162,Job Characteristics and Attraction to Public Sector Employment: The Moderating Effects of Public Service Motivation and Self-Efficacy,mostlywhite,job_attraction,0.54,50,,,False,arm not found in GT extraction,,
162,Job Characteristics and Attraction to Public Sector Employment: The Moderating Effects of Public Service Motivation and Self-Efficacy,multiracial,job_attraction,0.88,50,,,False,arm not found in GT extraction,,
162,Job Characteristics and Attraction to Public Sector Employment: The Moderating Effects of Public Service Motivation and Self-Efficacy,neverrequired,job_attraction,0.94,50,,,False,arm not found in GT extraction,,
162,Job Characteristics and Attraction to Public Sector Employment: The Moderating Effects of Public Service Motivation and Self-Efficacy,noperformancebonuses_fixedsalary,job_attraction,1.0,50,,,False,arm not found in GT extraction,,
162,Job Characteristics and Attraction to Public Sector Employment: The Moderating Effects of Public Service Motivation and Self-Efficacy,occasionallyrequired,job_attraction,0.8,50,,,False,arm not found in GT extraction,,
162,Job Characteristics and Attraction to Public Sector Employment: The Moderating Effects of Public Service Motivation and Self-Efficacy,performance_bonuses,job_attraction,0.98,50,0.546,9006,True,,0.3827,0.371
162,Job Characteristics and Attraction to Public Sector Employment: The Moderating Effects of Public Service Motivation and Self-Efficacy,rareparticipation,job_attraction,0.74,50,,,False,arm not found in GT extraction,,
162,Job Characteristics and Attraction to Public Sector Employment: The Moderating Effects of Public Service Motivation and Self-Efficacy,satisfactionsurveysofprojecthopeeventparticipants,job_attraction,0.9,50,,,False,arm not found in GT extraction,,
162,Job Characteristics and Attraction to Public Sector Employment: The Moderating Effects of Public Service Motivation and Self-Efficacy,slightlyaboveaverage,job_attraction,0.94,50,,,False,arm not found in GT extraction,,
162,Job Characteristics and Attraction to Public Sector Employment: The Moderating Effects of Public Service Motivation and Self-Efficacy,slightlybelowaverage,job_attraction,0.38,50,,,False,arm not found in GT extraction,,
162,Job Characteristics and Attraction to Public Sector Employment: The Moderating Effects of Public Service Motivation and Self-Efficacy,teamworkwithpeersandsupervisors,job_attraction,1.0,50,,,False,arm not found in GT extraction,,
164,Polarization and openness to others ,control,change_in_views,1.0,50,0.328,842,True,"fuzzy_outcome_match:change_in_views_abortion(sim=change_in_views,score=0.77)",-0.8222,-0.4412
164,Polarization and openness to others ,control,level_of_engagement,1.0,50,0.925,842,True,"fuzzy_outcome_match:willingness_to_engage(sim=level_of_engagement,score=0.55)",1.2222,-0.4412
164,Polarization and openness to others ,control,policy_views,7.04,50,0.328,842,True,"fuzzy_outcome_match:change_in_views_abortion(sim=policy_views,score=0.39)",-0.8222,1.5049
164,Polarization and openness to others ,control,reason_views_did_not_change,0.5,50,0.328,842,True,"fuzzy_outcome_match:change_in_views_abortion(sim=reason_views_did_not_change,score=0.43)",-0.8222,-0.6023
164,Polarization and openness to others ,control,willingness_to_engage,0.52,50,0.925,842,True,,1.2222,-0.5958
164,Polarization and openness to others ,t1_etiq,change_in_views,1.0,50,0.3412,827,True,"fuzzy_outcome_match:change_in_views_abortion(sim=change_in_views,score=0.77)",-0.777,-0.4412
164,Polarization and openness to others ,t1_etiq,level_of_engagement,1.0,50,0.9321,827,True,"fuzzy_outcome_match:willingness_to_engage(sim=level_of_engagement,score=0.55)",1.2465,-0.4412
164,Polarization and openness to others ,t1_etiq,policy_views,8.9,50,0.3412,827,True,"fuzzy_outcome_match:change_in_views_abortion(sim=policy_views,score=0.39)",-0.777,2.1041
164,Polarization and openness to others ,t1_etiq,reason_views_did_not_change,0.88,50,0.3412,827,True,"fuzzy_outcome_match:change_in_views_abortion(sim=reason_views_did_not_change,score=0.43)",-0.777,-0.4799
164,Polarization and openness to others ,t1_etiq,willingness_to_engage,0.52,50,0.9321,827,True,,1.2465,-0.5958
164,Polarization and openness to others ,t2_values,change_in_views,1.0,50,0.32,838,True,"fuzzy_outcome_match:change_in_views_abortion(sim=change_in_views,score=0.77)",-0.8496,-0.4412
164,Polarization and openness to others ,t2_values,level_of_engagement,1.0,50,0.9198,838,True,"fuzzy_outcome_match:willingness_to_engage(sim=level_of_engagement,score=0.55)",1.2044,-0.4412
164,Polarization and openness to others ,t2_values,policy_views,9.54,50,0.32,838,True,"fuzzy_outcome_match:change_in_views_abortion(sim=policy_views,score=0.39)",-0.8496,2.3103
164,Polarization and openness to others ,t2_values,reason_views_did_not_change,0.89,50,0.32,838,True,"fuzzy_outcome_match:change_in_views_abortion(sim=reason_views_did_not_change,score=0.43)",-0.8496,-0.4766
164,Polarization and openness to others ,t2_values,willingness_to_engage,0.75,50,0.9198,838,True,,1.2044,-0.5217
169,Preferences for Giving Versus Preferences for Redistribution,giving_to_many_large_groups,giving_decisions_in_each_scenario_described_above,0.945,200,0.151,,True,,-2.1905,1.0651
169,Preferences for Giving Versus Preferences for Redistribution,giving_to_many_small_groups,giving_decisions_in_each_scenario_described_above,0.99,200,0.334,,True,,-0.6208,2.0119
169,Preferences for Giving Versus Preferences for Redistribution,giving_to_one_of_many_large_groups,giving_decisions_in_each_scenario_described_above,0.895,200,0.344,,True,,-0.535,0.0131
169,Preferences for Giving Versus Preferences for Redistribution,giving_to_one_of_many_small_groups,giving_decisions_in_each_scenario_described_above,0.865,200,0.431,,True,,0.2112,-0.618
169,Preferences for Giving Versus Preferences for Redistribution,giving_to_one_partner_large_groups,giving_decisions_in_each_scenario_described_above,0.89,200,0.487,,True,,0.6916,-0.092
169,Preferences for Giving Versus Preferences for Redistribution,giving_to_one_partner_small_groups,giving_decisions_in_each_scenario_described_above,0.885,200,0.506,,True,,0.8545,-0.1972
169,Preferences for Giving Versus Preferences for Redistribution,vote_redistribution_large_groups,giving_decisions_in_each_scenario_described_above,0.845,200,0.489,,True,,0.7087,-1.0388
169,Preferences for Giving Versus Preferences for Redistribution,vote_redistribution_small_groups,giving_decisions_in_each_scenario_described_above,0.84,200,0.509,,True,,0.8803,-1.144
174,Effects of COVID information on Consumer Behavior and Policy Preferences,1_the_american_academy_of_pediatrics_a_leading_gro,agree_to_be_vaccinated_in_spring_2021_with_covid_v,1.0,50,0.518,,True,,0.2023,-0.6187
174,Effects of COVID information on Consumer Behavior and Policy Preferences,1_the_american_academy_of_pediatrics_a_leading_gro,allowing_indoor_dining_at_restaurants,1.0,50,0.512,,True,,0.1752,-0.6187
174,Effects of COVID information on Consumer Behavior and Policy Preferences,1_the_american_academy_of_pediatrics_a_leading_gro,allowing_indoor_seating_at_bars,1.0,50,0.44,,True,,-0.1503,-0.6187
174,Effects of COVID information on Consumer Behavior and Policy Preferences,1_the_american_academy_of_pediatrics_a_leading_gro,believe_the_coronavirus_is_under_control_in_your_s,1.0,50,0.267,,True,,-0.9324,-0.6187
174,Effects of COVID information on Consumer Behavior and Policy Preferences,1_the_american_academy_of_pediatrics_a_leading_gro,book_a_flight_for_business_travel,3.76,50,0.184,,True,,-1.3076,1.6071
174,Effects of COVID information on Consumer Behavior and Policy Preferences,1_the_american_academy_of_pediatrics_a_leading_gro,book_a_flight_for_personal_travel,3.78,50,0.252,,True,,-1.0002,1.6232
174,Effects of COVID information on Consumer Behavior and Policy Preferences,1_the_american_academy_of_pediatrics_a_leading_gro,book_a_hotel_room_or_vacation_rental,3.68,50,0.282,,True,,-0.8646,1.5426
174,Effects of COVID information on Consumer Behavior and Policy Preferences,1_the_american_academy_of_pediatrics_a_leading_gro,confidence_in_safety_from_covid,4.0,50,0.24,,True,,-1.0544,1.8007
174,Effects of COVID information on Consumer Behavior and Policy Preferences,1_the_american_academy_of_pediatrics_a_leading_gro,eat_at_a_restaurant,3.76,50,0.51,,True,,0.1661,1.6071
174,Effects of COVID information on Consumer Behavior and Policy Preferences,1_the_american_academy_of_pediatrics_a_leading_gro,prohibiting_large_indoor_social_gatherings,1.0,50,0.745,,True,,1.2285,-0.6187
174,Effects of COVID information on Consumer Behavior and Policy Preferences,1_the_american_academy_of_pediatrics_a_leading_gro,providing_in_person_schooling_for_college_students,1.0,50,0.603,,True,,0.5866,-0.6187
174,Effects of COVID information on Consumer Behavior and Policy Preferences,1_the_american_academy_of_pediatrics_a_leading_gro,providing_in_person_schooling_for_k_12_students,1.0,50,0.662,,True,,0.8533,-0.6187
174,Effects of COVID information on Consumer Behavior and Policy Preferences,1_the_american_academy_of_pediatrics_a_leading_gro,requiring_non_essential_businesses_to_close_in_per,1.0,50,0.479,,True,,0.026,-0.6187
174,Effects of COVID information on Consumer Behavior and Policy Preferences,1_the_american_academy_of_pediatrics_a_leading_gro,requiring_people_to_wear_masks_in_indoor_public_sp,1.0,50,0.844,,True,,1.676,-0.6187
174,Effects of COVID information on Consumer Behavior and Policy Preferences,1_the_american_academy_of_pediatrics_a_leading_gro,requiring_workers_to_wear_mask,1.0,50,0.852,,True,,1.7122,-0.6187
174,Effects of COVID information on Consumer Behavior and Policy Preferences,2_as_of_october_31_2020_the_centers_for_diseaseeco,agree_to_be_vaccinated_in_spring_2021_with_covid_v,0.73,50,0.532,,True,,0.2656,-0.8364
174,Effects of COVID information on Consumer Behavior and Policy Preferences,2_as_of_october_31_2020_the_centers_for_diseaseeco,allowing_indoor_dining_at_restaurants,0.74,50,0.494,,True,,0.0938,-0.8283
174,Effects of COVID information on Consumer Behavior and Policy Preferences,2_as_of_october_31_2020_the_centers_for_diseaseeco,allowing_indoor_seating_at_bars,0.8,50,0.394,,True,,-0.3583,-0.7799
174,Effects of COVID information on Consumer Behavior and Policy Preferences,2_as_of_october_31_2020_the_centers_for_diseaseeco,believe_the_coronavirus_is_under_control_in_your_s,0.76,50,0.258,,True,,-0.9731,-0.8122
174,Effects of COVID information on Consumer Behavior and Policy Preferences,2_as_of_october_31_2020_the_centers_for_diseaseeco,book_a_flight_for_business_travel,3.0,50,0.149,,True,,-1.4658,0.9942
174,Effects of COVID information on Consumer Behavior and Policy Preferences,2_as_of_october_31_2020_the_centers_for_diseaseeco,book_a_flight_for_personal_travel,3.22,50,0.198,,True,,-1.2443,1.1716
174,Effects of COVID information on Consumer Behavior and Policy Preferences,2_as_of_october_31_2020_the_centers_for_diseaseeco,book_a_hotel_room_or_vacation_rental,3.18,50,0.234,,True,,-1.0816,1.1394
174,Effects of COVID information on Consumer Behavior and Policy Preferences,2_as_of_october_31_2020_the_centers_for_diseaseeco,confidence_in_safety_from_covid,3.86,50,0.208,,True,,-1.1991,1.6878
174,Effects of COVID information on Consumer Behavior and Policy Preferences,2_as_of_october_31_2020_the_centers_for_diseaseeco,eat_at_a_restaurant,3.22,50,0.443,,True,,-0.1367,1.1716
174,Effects of COVID information on Consumer Behavior and Policy Preferences,2_as_of_october_31_2020_the_centers_for_diseaseeco,prohibiting_large_indoor_social_gatherings,0.8,50,0.785,,True,,1.4093,-0.7799
174,Effects of COVID information on Consumer Behavior and Policy Preferences,2_as_of_october_31_2020_the_centers_for_diseaseeco,providing_in_person_schooling_for_college_students,0.84,50,0.578,,True,,0.4735,-0.7477
174,Effects of COVID information on Consumer Behavior and Policy Preferences,2_as_of_october_31_2020_the_centers_for_diseaseeco,providing_in_person_schooling_for_k_12_students,0.86,50,0.615,,True,,0.6408,-0.7316
174,Effects of COVID information on Consumer Behavior and Policy Preferences,2_as_of_october_31_2020_the_centers_for_diseaseeco,requiring_non_essential_businesses_to_close_in_per,0.84,50,0.542,,True,,0.3108,-0.7477
174,Effects of COVID information on Consumer Behavior and Policy Preferences,2_as_of_october_31_2020_the_centers_for_diseaseeco,requiring_people_to_wear_masks_in_indoor_public_sp,0.86,50,0.857,,True,,1.7348,-0.7316
174,Effects of COVID information on Consumer Behavior and Policy Preferences,2_as_of_october_31_2020_the_centers_for_diseaseeco,requiring_workers_to_wear_mask,0.78,50,0.871,,True,,1.7981,-0.7961
174,Effects of COVID information on Consumer Behavior and Policy Preferences,3_according_to_data_from_the_centers_for_dis_ease,agree_to_be_vaccinated_in_spring_2021_with_covid_v,0.97,50,,,False,arm not found in GT extraction,,
174,Effects of COVID information on Consumer Behavior and Policy Preferences,3_according_to_data_from_the_centers_for_dis_ease,allowing_indoor_dining_at_restaurants,1.0,50,,,False,arm not found in GT extraction,,
174,Effects of COVID information on Consumer Behavior and Policy Preferences,3_according_to_data_from_the_centers_for_dis_ease,allowing_indoor_seating_at_bars,1.0,50,,,False,arm not found in GT extraction,,
174,Effects of COVID information on Consumer Behavior and Policy Preferences,3_according_to_data_from_the_centers_for_dis_ease,believe_the_coronavirus_is_under_control_in_your_s,1.0,50,,,False,arm not found in GT extraction,,
174,Effects of COVID information on Consumer Behavior and Policy Preferences,3_according_to_data_from_the_centers_for_dis_ease,book_a_flight_for_business_travel,3.38,50,,,False,arm not found in GT extraction,,
174,Effects of COVID information on Consumer Behavior and Policy Preferences,3_according_to_data_from_the_centers_for_dis_ease,book_a_flight_for_personal_travel,3.2,50,,,False,arm not found in GT extraction,,
174,Effects of COVID information on Consumer Behavior and Policy Preferences,3_according_to_data_from_the_centers_for_dis_ease,book_a_hotel_room_or_vacation_rental,3.2,50,,,False,arm not found in GT extraction,,
174,Effects of COVID information on Consumer Behavior and Policy Preferences,3_according_to_data_from_the_centers_for_dis_ease,confidence_in_safety_from_covid,3.98,50,,,False,arm not found in GT extraction,,
174,Effects of COVID information on Consumer Behavior and Policy Preferences,3_according_to_data_from_the_centers_for_dis_ease,eat_at_a_restaurant,3.3,50,,,False,arm not found in GT extraction,,
174,Effects of COVID information on Consumer Behavior and Policy Preferences,3_according_to_data_from_the_centers_for_dis_ease,prohibiting_large_indoor_social_gatherings,1.0,50,,,False,arm not found in GT extraction,,
174,Effects of COVID information on Consumer Behavior and Policy Preferences,3_according_to_data_from_the_centers_for_dis_ease,providing_in_person_schooling_for_college_students,1.0,50,,,False,arm not found in GT extraction,,
174,Effects of COVID information on Consumer Behavior and Policy Preferences,3_according_to_data_from_the_centers_for_dis_ease,providing_in_person_schooling_for_k_12_students,1.0,50,,,False,arm not found in GT extraction,,
174,Effects of COVID information on Consumer Behavior and Policy Preferences,3_according_to_data_from_the_centers_for_dis_ease,requiring_non_essential_businesses_to_close_in_per,1.0,50,,,False,arm not found in GT extraction,,
174,Effects of COVID information on Consumer Behavior and Policy Preferences,3_according_to_data_from_the_centers_for_dis_ease,requiring_people_to_wear_masks_in_indoor_public_sp,1.0,50,,,False,arm not found in GT extraction,,
174,Effects of COVID information on Consumer Behavior and Policy Preferences,3_according_to_data_from_the_centers_for_dis_ease,requiring_workers_to_wear_mask,1.0,50,,,False,arm not found in GT extraction,,
174,Effects of COVID information on Consumer Behavior and Policy Preferences,4_november_13th_saw_a_daily_record_for_number_of_n,agree_to_be_vaccinated_in_spring_2021_with_covid_v,0.61,50,0.55,,True,,0.347,-0.9332
174,Effects of COVID information on Consumer Behavior and Policy Preferences,4_november_13th_saw_a_daily_record_for_number_of_n,allowing_indoor_dining_at_restaurants,0.56,50,0.438,,True,,-0.1593,-0.9735
174,Effects of COVID information on Consumer Behavior and Policy Preferences,4_november_13th_saw_a_daily_record_for_number_of_n,allowing_indoor_seating_at_bars,0.66,50,0.348,,True,,-0.5662,-0.8928
174,Effects of COVID information on Consumer Behavior and Policy Preferences,4_november_13th_saw_a_daily_record_for_number_of_n,believe_the_coronavirus_is_under_control_in_your_s,0.54,50,0.258,,True,,-0.9731,-0.9896
174,Effects of COVID information on Consumer Behavior and Policy Preferences,4_november_13th_saw_a_daily_record_for_number_of_n,book_a_flight_for_business_travel,3.74,50,0.136,,True,,-1.5246,1.591
174,Effects of COVID information on Consumer Behavior and Policy Preferences,4_november_13th_saw_a_daily_record_for_number_of_n,book_a_flight_for_personal_travel,3.7,50,0.185,,True,,-1.3031,1.5587
174,Effects of COVID information on Consumer Behavior and Policy Preferences,4_november_13th_saw_a_daily_record_for_number_of_n,book_a_hotel_room_or_vacation_rental,3.56,50,0.241,,True,,-1.0499,1.4458
174,Effects of COVID information on Consumer Behavior and Policy Preferences,4_november_13th_saw_a_daily_record_for_number_of_n,confidence_in_safety_from_covid,3.54,50,0.231,,True,,-1.0951,1.4297
174,Effects of COVID information on Consumer Behavior and Policy Preferences,4_november_13th_saw_a_daily_record_for_number_of_n,eat_at_a_restaurant,3.6,50,0.395,,True,,-0.3537,1.4781
174,Effects of COVID information on Consumer Behavior and Policy Preferences,4_november_13th_saw_a_daily_record_for_number_of_n,prohibiting_large_indoor_social_gatherings,0.5,50,0.723,,True,,1.129,-1.0219
174,Effects of COVID information on Consumer Behavior and Policy Preferences,4_november_13th_saw_a_daily_record_for_number_of_n,providing_in_person_schooling_for_college_students,0.72,50,0.476,,True,,0.0124,-0.8445
174,Effects of COVID information on Consumer Behavior and Policy Preferences,4_november_13th_saw_a_daily_record_for_number_of_n,providing_in_person_schooling_for_k_12_students,0.64,50,0.505,,True,,0.1435,-0.909
174,Effects of COVID information on Consumer Behavior and Policy Preferences,4_november_13th_saw_a_daily_record_for_number_of_n,requiring_non_essential_businesses_to_close_in_per,0.54,50,0.551,,True,,0.3515,-0.9896
174,Effects of COVID information on Consumer Behavior and Policy Preferences,4_november_13th_saw_a_daily_record_for_number_of_n,requiring_people_to_wear_masks_in_indoor_public_sp,0.62,50,0.861,,True,,1.7529,-0.9251
174,Effects of COVID information on Consumer Behavior and Policy Preferences,4_november_13th_saw_a_daily_record_for_number_of_n,requiring_workers_to_wear_mask,0.62,50,0.847,,True,,1.6896,-0.9251
174,Effects of COVID information on Consumer Behavior and Policy Preferences,5_economist_emily_oster_of_brown_university_has_an,agree_to_be_vaccinated_in_spring_2021_with_covid_v,1.0,50,0.504,,True,,0.139,-0.6187
174,Effects of COVID information on Consumer Behavior and Policy Preferences,5_economist_emily_oster_of_brown_university_has_an,allowing_indoor_dining_at_restaurants,1.0,50,0.477,,True,,0.017,-0.6187
174,Effects of COVID information on Consumer Behavior and Policy Preferences,5_economist_emily_oster_of_brown_university_has_an,allowing_indoor_seating_at_bars,1.0,50,0.409,,True,,-0.2904,-0.6187
174,Effects of COVID information on Consumer Behavior and Policy Preferences,5_economist_emily_oster_of_brown_university_has_an,believe_the_coronavirus_is_under_control_in_your_s,1.0,50,0.206,,True,,-1.2081,-0.6187
174,Effects of COVID information on Consumer Behavior and Policy Preferences,5_economist_emily_oster_of_brown_university_has_an,book_a_flight_for_business_travel,3.0,50,0.162,,True,,-1.407,0.9942
174,Effects of COVID information on Consumer Behavior and Policy Preferences,5_economist_emily_oster_of_brown_university_has_an,book_a_flight_for_personal_travel,3.0,50,0.253,,True,,-0.9957,0.9942
174,Effects of COVID information on Consumer Behavior and Policy Preferences,5_economist_emily_oster_of_brown_university_has_an,book_a_hotel_room_or_vacation_rental,3.0,50,0.274,,True,,-0.9007,0.9942
174,Effects of COVID information on Consumer Behavior and Policy Preferences,5_economist_emily_oster_of_brown_university_has_an,confidence_in_safety_from_covid,3.6,50,0.207,,True,,-1.2036,1.4781
174,Effects of COVID information on Consumer Behavior and Policy Preferences,5_economist_emily_oster_of_brown_university_has_an,eat_at_a_restaurant,3.02,50,0.505,,True,,0.1435,1.0104
174,Effects of COVID information on Consumer Behavior and Policy Preferences,5_economist_emily_oster_of_brown_university_has_an,prohibiting_large_indoor_social_gatherings,1.0,50,0.746,,True,,1.233,-0.6187
174,Effects of COVID information on Consumer Behavior and Policy Preferences,5_economist_emily_oster_of_brown_university_has_an,providing_in_person_schooling_for_college_students,1.0,50,0.567,,True,,0.4238,-0.6187
174,Effects of COVID information on Consumer Behavior and Policy Preferences,5_economist_emily_oster_of_brown_university_has_an,providing_in_person_schooling_for_k_12_students,1.0,50,0.644,,True,,0.7719,-0.6187
174,Effects of COVID information on Consumer Behavior and Policy Preferences,5_economist_emily_oster_of_brown_university_has_an,requiring_non_essential_businesses_to_close_in_per,1.0,50,0.515,,True,,0.1887,-0.6187
174,Effects of COVID information on Consumer Behavior and Policy Preferences,5_economist_emily_oster_of_brown_university_has_an,requiring_people_to_wear_masks_in_indoor_public_sp,1.0,50,0.842,,True,,1.667,-0.6187
174,Effects of COVID information on Consumer Behavior and Policy Preferences,5_economist_emily_oster_of_brown_university_has_an,requiring_workers_to_wear_mask,1.0,50,0.855,,True,,1.7258,-0.6187
174,Effects of COVID information on Consumer Behavior and Policy Preferences,6_in_missouri_two_coronavirus_infected_hair_stylis,agree_to_be_vaccinated_in_spring_2021_with_covid_v,0.94,50,0.491,,True,,0.0803,-0.667
174,Effects of COVID information on Consumer Behavior and Policy Preferences,6_in_missouri_two_coronavirus_infected_hair_stylis,allowing_indoor_dining_at_restaurants,1.0,50,0.51,,True,,0.1661,-0.6187
174,Effects of COVID information on Consumer Behavior and Policy Preferences,6_in_missouri_two_coronavirus_infected_hair_stylis,allowing_indoor_seating_at_bars,1.0,50,0.41,,True,,-0.2859,-0.6187
174,Effects of COVID information on Consumer Behavior and Policy Preferences,6_in_missouri_two_coronavirus_infected_hair_stylis,believe_the_coronavirus_is_under_control_in_your_s,1.0,50,0.25,,True,,-1.0092,-0.6187
174,Effects of COVID information on Consumer Behavior and Policy Preferences,6_in_missouri_two_coronavirus_infected_hair_stylis,book_a_flight_for_business_travel,3.92,50,0.159,,True,,-1.4206,1.7362
174,Effects of COVID information on Consumer Behavior and Policy Preferences,6_in_missouri_two_coronavirus_infected_hair_stylis,book_a_flight_for_personal_travel,3.92,50,0.234,,True,,-1.0816,1.7362
174,Effects of COVID information on Consumer Behavior and Policy Preferences,6_in_missouri_two_coronavirus_infected_hair_stylis,book_a_hotel_room_or_vacation_rental,3.9,50,0.253,,True,,-0.9957,1.72
174,Effects of COVID information on Consumer Behavior and Policy Preferences,6_in_missouri_two_coronavirus_infected_hair_stylis,confidence_in_safety_from_covid,3.98,50,0.209,,True,,-1.1946,1.7845
174,Effects of COVID information on Consumer Behavior and Policy Preferences,6_in_missouri_two_coronavirus_infected_hair_stylis,eat_at_a_restaurant,3.88,50,0.429,,True,,-0.2,1.7039
174,Effects of COVID information on Consumer Behavior and Policy Preferences,6_in_missouri_two_coronavirus_infected_hair_stylis,prohibiting_large_indoor_social_gatherings,0.98,50,0.741,,True,,1.2104,-0.6348
174,Effects of COVID information on Consumer Behavior and Policy Preferences,6_in_missouri_two_coronavirus_infected_hair_stylis,providing_in_person_schooling_for_college_students,1.0,50,0.55,,True,,0.347,-0.6187
174,Effects of COVID information on Consumer Behavior and Policy Preferences,6_in_missouri_two_coronavirus_infected_hair_stylis,providing_in_person_schooling_for_k_12_students,1.0,50,0.606,,True,,0.6001,-0.6187
174,Effects of COVID information on Consumer Behavior and Policy Preferences,6_in_missouri_two_coronavirus_infected_hair_stylis,requiring_non_essential_businesses_to_close_in_per,1.0,50,0.484,,True,,0.0486,-0.6187
174,Effects of COVID information on Consumer Behavior and Policy Preferences,6_in_missouri_two_coronavirus_infected_hair_stylis,requiring_people_to_wear_masks_in_indoor_public_sp,0.98,50,0.823,,True,,1.5811,-0.6348
174,Effects of COVID information on Consumer Behavior and Policy Preferences,6_in_missouri_two_coronavirus_infected_hair_stylis,requiring_workers_to_wear_mask,0.98,50,0.855,,True,,1.7258,-0.6348
174,Effects of COVID information on Consumer Behavior and Policy Preferences,7_in_a_flight_from_italy_to_south_korea_in_april_6,agree_to_be_vaccinated_in_spring_2021_with_covid_v,1.0,50,0.514,,True,,0.1842,-0.6187
174,Effects of COVID information on Consumer Behavior and Policy Preferences,7_in_a_flight_from_italy_to_south_korea_in_april_6,allowing_indoor_dining_at_restaurants,1.0,50,0.503,,True,,0.1345,-0.6187
174,Effects of COVID information on Consumer Behavior and Policy Preferences,7_in_a_flight_from_italy_to_south_korea_in_april_6,allowing_indoor_seating_at_bars,1.0,50,0.415,,True,,-0.2633,-0.6187
174,Effects of COVID information on Consumer Behavior and Policy Preferences,7_in_a_flight_from_italy_to_south_korea_in_april_6,believe_the_coronavirus_is_under_control_in_your_s,1.0,50,0.247,,True,,-1.0228,-0.6187
174,Effects of COVID information on Consumer Behavior and Policy Preferences,7_in_a_flight_from_italy_to_south_korea_in_april_6,book_a_flight_for_business_travel,3.08,50,0.174,,True,,-1.3528,1.0587
174,Effects of COVID information on Consumer Behavior and Policy Preferences,7_in_a_flight_from_italy_to_south_korea_in_april_6,book_a_flight_for_personal_travel,3.0,50,0.249,,True,,-1.0137,0.9942
174,Effects of COVID information on Consumer Behavior and Policy Preferences,7_in_a_flight_from_italy_to_south_korea_in_april_6,book_a_hotel_room_or_vacation_rental,3.04,50,0.289,,True,,-0.8329,1.0265
174,Effects of COVID information on Consumer Behavior and Policy Preferences,7_in_a_flight_from_italy_to_south_korea_in_april_6,confidence_in_safety_from_covid,3.9,50,0.183,,True,,-1.3121,1.72
174,Effects of COVID information on Consumer Behavior and Policy Preferences,7_in_a_flight_from_italy_to_south_korea_in_april_6,eat_at_a_restaurant,3.02,50,0.455,,True,,-0.0825,1.0104
174,Effects of COVID information on Consumer Behavior and Policy Preferences,7_in_a_flight_from_italy_to_south_korea_in_april_6,prohibiting_large_indoor_social_gatherings,1.0,50,0.752,,True,,1.2601,-0.6187
174,Effects of COVID information on Consumer Behavior and Policy Preferences,7_in_a_flight_from_italy_to_south_korea_in_april_6,providing_in_person_schooling_for_college_students,1.0,50,0.565,,True,,0.4148,-0.6187
174,Effects of COVID information on Consumer Behavior and Policy Preferences,7_in_a_flight_from_italy_to_south_korea_in_april_6,providing_in_person_schooling_for_k_12_students,1.0,50,0.601,,True,,0.5775,-0.6187
174,Effects of COVID information on Consumer Behavior and Policy Preferences,7_in_a_flight_from_italy_to_south_korea_in_april_6,requiring_non_essential_businesses_to_close_in_per,1.0,50,0.514,,True,,0.1842,-0.6187
174,Effects of COVID information on Consumer Behavior and Policy Preferences,7_in_a_flight_from_italy_to_south_korea_in_april_6,requiring_people_to_wear_masks_in_indoor_public_sp,1.0,50,0.844,,True,,1.676,-0.6187
174,Effects of COVID information on Consumer Behavior and Policy Preferences,7_in_a_flight_from_italy_to_south_korea_in_april_6,requiring_workers_to_wear_mask,1.0,50,0.869,,True,,1.7891,-0.6187
174,Effects of COVID information on Consumer Behavior and Policy Preferences,8_there_are_currently_77_000_americans_in_the_hosp,agree_to_be_vaccinated_in_spring_2021_with_covid_v,0.61,50,0.513,,True,,0.1797,-0.9332
174,Effects of COVID information on Consumer Behavior and Policy Preferences,8_there_are_currently_77_000_americans_in_the_hosp,allowing_indoor_dining_at_restaurants,1.0,50,0.458,,True,,-0.0689,-0.6187
174,Effects of COVID information on Consumer Behavior and Policy Preferences,8_there_are_currently_77_000_americans_in_the_hosp,allowing_indoor_seating_at_bars,1.0,50,0.397,,True,,-0.3447,-0.6187
174,Effects of COVID information on Consumer Behavior and Policy Preferences,8_there_are_currently_77_000_americans_in_the_hosp,believe_the_coronavirus_is_under_control_in_your_s,1.0,50,0.221,,True,,-1.1403,-0.6187
174,Effects of COVID information on Consumer Behavior and Policy Preferences,8_there_are_currently_77_000_americans_in_the_hosp,book_a_flight_for_business_travel,3.32,50,0.164,,True,,-1.398,1.2523
174,Effects of COVID information on Consumer Behavior and Policy Preferences,8_there_are_currently_77_000_americans_in_the_hosp,book_a_flight_for_personal_travel,3.18,50,0.216,,True,,-1.1629,1.1394
174,Effects of COVID information on Consumer Behavior and Policy Preferences,8_there_are_currently_77_000_americans_in_the_hosp,book_a_hotel_room_or_vacation_rental,3.32,50,0.244,,True,,-1.0363,1.2523
174,Effects of COVID information on Consumer Behavior and Policy Preferences,8_there_are_currently_77_000_americans_in_the_hosp,confidence_in_safety_from_covid,4.0,50,0.234,,True,,-1.0816,1.8007
174,Effects of COVID information on Consumer Behavior and Policy Preferences,8_there_are_currently_77_000_americans_in_the_hosp,eat_at_a_restaurant,3.36,50,0.438,,True,,-0.1593,1.2845
174,Effects of COVID information on Consumer Behavior and Policy Preferences,8_there_are_currently_77_000_americans_in_the_hosp,prohibiting_large_indoor_social_gatherings,1.0,50,0.787,,True,,1.4184,-0.6187
174,Effects of COVID information on Consumer Behavior and Policy Preferences,8_there_are_currently_77_000_americans_in_the_hosp,providing_in_person_schooling_for_college_students,1.0,50,0.516,,True,,0.1933,-0.6187
174,Effects of COVID information on Consumer Behavior and Policy Preferences,8_there_are_currently_77_000_americans_in_the_hosp,providing_in_person_schooling_for_k_12_students,1.0,50,0.561,,True,,0.3967,-0.6187
174,Effects of COVID information on Consumer Behavior and Policy Preferences,8_there_are_currently_77_000_americans_in_the_hosp,requiring_non_essential_businesses_to_close_in_per,1.0,50,0.571,,True,,0.4419,-0.6187
174,Effects of COVID information on Consumer Behavior and Policy Preferences,8_there_are_currently_77_000_americans_in_the_hosp,requiring_people_to_wear_masks_in_indoor_public_sp,1.0,50,0.857,,True,,1.7348,-0.6187
174,Effects of COVID information on Consumer Behavior and Policy Preferences,8_there_are_currently_77_000_americans_in_the_hosp,requiring_workers_to_wear_mask,1.0,50,0.877,,True,,1.8252,-0.6187
174,Effects of COVID information on Consumer Behavior and Policy Preferences,9_according_to_the_u_s_bureau_of_labor_statistics,agree_to_be_vaccinated_in_spring_2021_with_covid_v,0.57,50,,,False,arm not found in GT extraction,,
174,Effects of COVID information on Consumer Behavior and Policy Preferences,9_according_to_the_u_s_bureau_of_labor_statistics,allowing_indoor_dining_at_restaurants,0.42,50,,,False,arm not found in GT extraction,,
174,Effects of COVID information on Consumer Behavior and Policy Preferences,9_according_to_the_u_s_bureau_of_labor_statistics,allowing_indoor_seating_at_bars,0.36,50,,,False,arm not found in GT extraction,,
174,Effects of COVID information on Consumer Behavior and Policy Preferences,9_according_to_the_u_s_bureau_of_labor_statistics,believe_the_coronavirus_is_under_control_in_your_s,0.42,50,,,False,arm not found in GT extraction,,
174,Effects of COVID information on Consumer Behavior and Policy Preferences,9_according_to_the_u_s_bureau_of_labor_statistics,book_a_flight_for_business_travel,3.06,50,,,False,arm not found in GT extraction,,
174,Effects of COVID information on Consumer Behavior and Policy Preferences,9_according_to_the_u_s_bureau_of_labor_statistics,book_a_flight_for_personal_travel,3.18,50,,,False,arm not found in GT extraction,,
174,Effects of COVID information on Consumer Behavior and Policy Preferences,9_according_to_the_u_s_bureau_of_labor_statistics,book_a_hotel_room_or_vacation_rental,3.08,50,,,False,arm not found in GT extraction,,
174,Effects of COVID information on Consumer Behavior and Policy Preferences,9_according_to_the_u_s_bureau_of_labor_statistics,confidence_in_safety_from_covid,3.78,50,,,False,arm not found in GT extraction,,
174,Effects of COVID information on Consumer Behavior and Policy Preferences,9_according_to_the_u_s_bureau_of_labor_statistics,eat_at_a_restaurant,3.08,50,,,False,arm not found in GT extraction,,
174,Effects of COVID information on Consumer Behavior and Policy Preferences,9_according_to_the_u_s_bureau_of_labor_statistics,prohibiting_large_indoor_social_gatherings,0.5,50,,,False,arm not found in GT extraction,,
174,Effects of COVID information on Consumer Behavior and Policy Preferences,9_according_to_the_u_s_bureau_of_labor_statistics,providing_in_person_schooling_for_college_students,0.32,50,,,False,arm not found in GT extraction,,
174,Effects of COVID information on Consumer Behavior and Policy Preferences,9_according_to_the_u_s_bureau_of_labor_statistics,providing_in_person_schooling_for_k_12_students,0.5,50,,,False,arm not found in GT extraction,,
174,Effects of COVID information on Consumer Behavior and Policy Preferences,9_according_to_the_u_s_bureau_of_labor_statistics,requiring_non_essential_businesses_to_close_in_per,0.5,50,,,False,arm not found in GT extraction,,
174,Effects of COVID information on Consumer Behavior and Policy Preferences,9_according_to_the_u_s_bureau_of_labor_statistics,requiring_people_to_wear_masks_in_indoor_public_sp,0.4,50,,,False,arm not found in GT extraction,,
174,Effects of COVID information on Consumer Behavior and Policy Preferences,9_according_to_the_u_s_bureau_of_labor_statistics,requiring_workers_to_wear_mask,0.48,50,,,False,arm not found in GT extraction,,
176,A Word is Worth A Thousand Words: Biased Beliefs about Political Language Use,left,prediction_accuracy,34.96,150,23.402,735,True,"fuzzy_outcome_match:prediction_errors_output_by_ideology_error_moderat(sim=prediction_accuracy,score=0.41)",-0.0229,0.1351
176,A Word is Worth A Thousand Words: Biased Beliefs about Political Language Use,left_control,prediction_accuracy,35.64,150,,,False,outcome not found in GT extraction,,
176,A Word is Worth A Thousand Words: Biased Beliefs about Political Language Use,left_treatment,prediction_accuracy,27.2067,150,,,False,outcome not found in GT extraction,,
176,A Word is Worth A Thousand Words: Biased Beliefs about Political Language Use,moderate,prediction_accuracy,35.0267,150,24.61,735,True,"fuzzy_outcome_match:prediction_errors_output_by_ideology_error_moderat(sim=prediction_accuracy,score=0.41)",1.236,1.1516
176,A Word is Worth A Thousand Words: Biased Beliefs about Political Language Use,moderate_control,prediction_accuracy,35.3733,150,,,False,outcome not found in GT extraction,,
176,A Word is Worth A Thousand Words: Biased Beliefs about Political Language Use,moderate_treatment,prediction_accuracy,27.7067,150,,,False,outcome not found in GT extraction,,
176,A Word is Worth A Thousand Words: Biased Beliefs about Political Language Use,right,prediction_accuracy,34.8667,150,22.26,735,True,"fuzzy_outcome_match:prediction_errors_output_by_ideology_error_moderat(sim=prediction_accuracy,score=0.41)",-1.2131,-1.2867
176,A Word is Worth A Thousand Words: Biased Beliefs about Political Language Use,right_control,prediction_accuracy,35.4333,150,,,False,outcome not found in GT extraction,,
176,A Word is Worth A Thousand Words: Biased Beliefs about Political Language Use,right_treatment,prediction_accuracy,26.1733,150,,,False,outcome not found in GT extraction,,
178,"Rational inattention, macroeconomic expectation, and consumption-investment behavior",affect_group1,inflation_expectation,11.58,50,-0.378,739,True,"fuzzy_outcome_match:unemploymentexpectationrevision(sim=inflation_expectation,score=0.54)",-0.44,0.8699
178,"Rational inattention, macroeconomic expectation, and consumption-investment behavior",affect_group1,macroeconomic_variables_that_consumers_pay_attenti,0.93,50,,,False,outcome not found in GT extraction,,
178,"Rational inattention, macroeconomic expectation, and consumption-investment behavior",affect_group1,unemployment_expectation,11.68,50,-0.378,739,True,"fuzzy_outcome_match:unemploymentexpectationrevision(sim=unemployment_expectation,score=0.84)",-0.44,0.903
178,"Rational inattention, macroeconomic expectation, and consumption-investment behavior",affect_group4,inflation_expectation,12.26,50,-0.291,767,True,"fuzzy_outcome_match:unemploymentexpectationrevision(sim=inflation_expectation,score=0.54)",-0.4072,1.0951
178,"Rational inattention, macroeconomic expectation, and consumption-investment behavior",affect_group4,macroeconomic_variables_that_consumers_pay_attenti,1.06,50,,,False,outcome not found in GT extraction,,
178,"Rational inattention, macroeconomic expectation, and consumption-investment behavior",affect_group4,unemployment_expectation,12.56,50,-0.291,767,True,"fuzzy_outcome_match:unemploymentexpectationrevision(sim=unemployment_expectation,score=0.84)",-0.4072,1.1945
178,"Rational inattention, macroeconomic expectation, and consumption-investment behavior",consequence_group2,inflation_expectation,7.58,50,-2.584,739,True,"fuzzy_outcome_match:unemploymentexpectationrevision(sim=inflation_expectation,score=0.54)",-1.2723,-0.4551
178,"Rational inattention, macroeconomic expectation, and consumption-investment behavior",consequence_group2,macroeconomic_variables_that_consumers_pay_attenti,0.96,50,,,False,outcome not found in GT extraction,,
178,"Rational inattention, macroeconomic expectation, and consumption-investment behavior",consequence_group2,unemployment_expectation,7.44,50,-2.584,739,True,"fuzzy_outcome_match:unemploymentexpectationrevision(sim=unemployment_expectation,score=0.84)",-1.2723,-0.5015
178,"Rational inattention, macroeconomic expectation, and consumption-investment behavior",consequence_group5,inflation_expectation,9.4,50,1.947,767,True,"fuzzy_outcome_match:unemploymentexpectationrevision(sim=inflation_expectation,score=0.54)",0.4371,0.1477
178,"Rational inattention, macroeconomic expectation, and consumption-investment behavior",consequence_group5,macroeconomic_variables_that_consumers_pay_attenti,0.97,50,,,False,outcome not found in GT extraction,,
178,"Rational inattention, macroeconomic expectation, and consumption-investment behavior",consequence_group5,unemployment_expectation,8.98,50,1.947,767,True,"fuzzy_outcome_match:unemploymentexpectationrevision(sim=unemployment_expectation,score=0.84)",0.4371,0.0086
178,"Rational inattention, macroeconomic expectation, and consumption-investment behavior",financialliteracy,inflation_expectation,9.0,50,,,False,outcome not found in GT extraction,,
178,"Rational inattention, macroeconomic expectation, and consumption-investment behavior",financialliteracy,macroeconomic_variables_that_consumers_pay_attenti,1.0,50,,,False,outcome not found in GT extraction,,
178,"Rational inattention, macroeconomic expectation, and consumption-investment behavior",financialliteracy,unemployment_expectation,9.0,50,,,False,outcome not found in GT extraction,,
178,"Rational inattention, macroeconomic expectation, and consumption-investment behavior",highincome,inflation_expectation,9.0,50,,,False,outcome not found in GT extraction,,
178,"Rational inattention, macroeconomic expectation, and consumption-investment behavior",highincome,macroeconomic_variables_that_consumers_pay_attenti,0.96,50,,,False,outcome not found in GT extraction,,
178,"Rational inattention, macroeconomic expectation, and consumption-investment behavior",highincome,unemployment_expectation,9.0,50,,,False,outcome not found in GT extraction,,
178,"Rational inattention, macroeconomic expectation, and consumption-investment behavior",importanceofinflation,inflation_expectation,3.98,50,,,False,outcome not found in GT extraction,,
178,"Rational inattention, macroeconomic expectation, and consumption-investment behavior",importanceofinflation,macroeconomic_variables_that_consumers_pay_attenti,1.0,50,,,False,outcome not found in GT extraction,,
178,"Rational inattention, macroeconomic expectation, and consumption-investment behavior",importanceofinflation,unemployment_expectation,4.0,50,,,False,outcome not found in GT extraction,,
178,"Rational inattention, macroeconomic expectation, and consumption-investment behavior",liquidasset,inflation_expectation,9.0,50,,,False,outcome not found in GT extraction,,
178,"Rational inattention, macroeconomic expectation, and consumption-investment behavior",liquidasset,macroeconomic_variables_that_consumers_pay_attenti,0.98,50,,,False,outcome not found in GT extraction,,
178,"Rational inattention, macroeconomic expectation, and consumption-investment behavior",liquidasset,unemployment_expectation,9.0,50,,,False,outcome not found in GT extraction,,
178,"Rational inattention, macroeconomic expectation, and consumption-investment behavior",literacyofinflation,inflation_expectation,4.0,50,,,False,outcome not found in GT extraction,,
178,"Rational inattention, macroeconomic expectation, and consumption-investment behavior",literacyofinflation,macroeconomic_variables_that_consumers_pay_attenti,0.98,50,,,False,outcome not found in GT extraction,,
178,"Rational inattention, macroeconomic expectation, and consumption-investment behavior",literacyofinflation,unemployment_expectation,4.0,50,,,False,outcome not found in GT extraction,,
178,"Rational inattention, macroeconomic expectation, and consumption-investment behavior",nigroup,inflation_expectation,4.04,50,5.248,767,True,"fuzzy_outcome_match:unemploymentexpectationrevision(sim=inflation_expectation,score=0.54)",1.6825,-1.6278
178,"Rational inattention, macroeconomic expectation, and consumption-investment behavior",nigroup,macroeconomic_variables_that_consumers_pay_attenti,0.99,50,,,False,outcome not found in GT extraction,,
178,"Rational inattention, macroeconomic expectation, and consumption-investment behavior",nigroup,unemployment_expectation,4.02,50,5.248,767,True,"fuzzy_outcome_match:unemploymentexpectationrevision(sim=unemployment_expectation,score=0.84)",1.6825,-1.6344
178,"Rational inattention, macroeconomic expectation, and consumption-investment behavior",overall_sample,inflation_expectation,9.0,50,,,False,outcome not found in GT extraction,,
178,"Rational inattention, macroeconomic expectation, and consumption-investment behavior",overall_sample,macroeconomic_variables_that_consumers_pay_attenti,0.97,50,,,False,outcome not found in GT extraction,,
178,"Rational inattention, macroeconomic expectation, and consumption-investment behavior",overall_sample,unemployment_expectation,9.0,50,,,False,outcome not found in GT extraction,,
178,"Rational inattention, macroeconomic expectation, and consumption-investment behavior",priorinflationuncertainty,inflation_expectation,9.0,50,,,False,outcome not found in GT extraction,,
178,"Rational inattention, macroeconomic expectation, and consumption-investment behavior",priorinflationuncertainty,macroeconomic_variables_that_consumers_pay_attenti,1.0,50,,,False,outcome not found in GT extraction,,
178,"Rational inattention, macroeconomic expectation, and consumption-investment behavior",priorinflationuncertainty,unemployment_expectation,9.0,50,,,False,outcome not found in GT extraction,,
178,"Rational inattention, macroeconomic expectation, and consumption-investment behavior",subjectiveuncertaintyininflation,inflation_expectation,4.04,50,,,False,outcome not found in GT extraction,,
178,"Rational inattention, macroeconomic expectation, and consumption-investment behavior",subjectiveuncertaintyininflation,macroeconomic_variables_that_consumers_pay_attenti,1.0,50,,,False,outcome not found in GT extraction,,
178,"Rational inattention, macroeconomic expectation, and consumption-investment behavior",subjectiveuncertaintyininflation,unemployment_expectation,3.94,50,,,False,outcome not found in GT extraction,,
