seq_id,study_label,arm_id,outcome_id,outcome_name,control_arm,gt_delta,llm_effect,llm_treat_mean,llm_ctrl_mean,llm_treat_var,llm_ctrl_var,one_sided,gt_treatment_mean,gt_control_mean,gt_n_treatment,gt_n_control,metric,scale_type,scale_min,scale_max,comparable,note
19,Paying for Kidneys? A Randomized Survey and Choice Experiment,system_1,support_full_demand,Support for alternative system at 100 percent of annual demand,current_system,0.4,0.0,1.0,1.0,0.0,0.0,True,0.7,0.3,,,proportion,binary,0,1,True,
19,Paying for Kidneys? A Randomized Survey and Choice Experiment,system_1,support_no_transplant_gain,Support for alternative system at 0 additional transplants,current_system,0.14,0.0,0.0,0.0,0.0,0.0,True,0.57,0.43,,,proportion,binary,0,1,True,
103,Labor Market Concerns and Support for Immigration,research_evidence,petition_increase_h2b,Signed petition to increase annual H-2B cap,control,0.027,1.0,1.0,0.0,0.0,0.0,True,0.066,0.039,,,proportion,binary,0,1,True,
103,Labor Market Concerns and Support for Immigration,research_evidence,support_low_skilled_immigration_index,Support for low-skilled immigration index,control,0.14,0.44,3.54,3.1,0.2484,0.21,False,0.14,0.0,,,mean,continuous,1,5,True,
118,Sharing responsibility for the good,bilateral,wtp_measles_vaccination,Willingness to pay for measles vaccination of a child,individual_active,0.01,0.0,2.5,2.5,0.0,0.0,True,1.0,0.99,120,119,mean,continuous,0.0,2.5,True,
118,Sharing responsibility for the good,individual_passive,wtp_measles_vaccination,Willingness to pay for measles vaccination of a child,individual_active,0.2,0.0,2.5,2.5,0.0,0.0,True,1.19,0.99,119,119,mean,continuous,0.0,2.5,True,
119,Insurance demand experiments: Comparing crowdworking to the lab,online,insurance_demand,Insurance demand,in_person,0.71,10.0,24.4,14.4,612.64,500.64,False,46.28,45.57,1352,378,mean,continuous,0,100,True,
125,The Relative Income Effect: An Experiment,hh_dollars,post_msf_score,Post-revelation Mood Short Form score,ll_points,1.791,1.12,25.38,24.26,6.2756,2.3924,False,17.286,15.495,133,103,mean,continuous,4,20,True,
125,The Relative Income Effect: An Experiment,hh_points,post_msf_score,Post-revelation Mood Short Form score,ll_points,0.842,-0.2,24.06,24.26,0.6964,2.3924,False,16.337,15.495,101,103,mean,continuous,4,20,True,
125,The Relative Income Effect: An Experiment,hl_dollars,post_msf_score,Post-revelation Mood Short Form score,ll_points,1.798,3.96,28.22,24.26,15.1316,2.3924,False,17.293,15.495,123,103,mean,continuous,4,20,True,
125,The Relative Income Effect: An Experiment,hl_points,post_msf_score,Post-revelation Mood Short Form score,ll_points,1.044,2.72,26.98,24.26,4.2996,2.3924,False,16.539,15.495,89,103,mean,continuous,4,20,True,
125,The Relative Income Effect: An Experiment,lh_dollars,post_msf_score,Post-revelation Mood Short Form score,ll_points,-2.728,-4.18,20.08,24.26,4.7136,2.3924,False,12.767,15.495,103,103,mean,continuous,4,20,True,
125,The Relative Income Effect: An Experiment,lh_points,post_msf_score,Post-revelation Mood Short Form score,ll_points,-1.183,-3.1,21.16,24.26,4.2944,2.3924,False,14.312,15.495,109,103,mean,continuous,4,20,True,
125,The Relative Income Effect: An Experiment,ll_dollars,post_msf_score,Post-revelation Mood Short Form score,ll_points,-1.525,0.06,24.32,24.26,0.9776,2.3924,False,13.97,15.495,99,103,mean,continuous,4,20,True,
131,Cash transfer narratives and charitable giving,community_empowerment,donation_amount,Donation Amount,poverty_alleviation,2.329,-3.0,40.8,43.8,351.36,247.56,False,38.967,36.638,454,461,mean,continuous,0,100,True,
131,Cash transfer narratives and charitable giving,individual_empowerment,donation_amount,Donation Amount,poverty_alleviation,-1.468,-20.8,23.0,43.8,621.0,247.56,False,35.17,36.638,452,461,mean,continuous,0,100,True,
141,People Judge Discrimination Against Women More Harshly Than Discrimination Against Men – Does Statistical Fairness Discrimination Explain Why?,woman_discrimination_first,moral_badness_of_manager_decision,Moral badness of manager's discriminatory hiring decision,man_discrimination_first,11.8,0.56,6.66,6.1,0.2244,0.25,False,13.3,1.5,,,mean,continuous,-50,50,True,
143,Forecasting the Results of Experiments,large_slider_1_0_sd,predicted_causal_effect,Predicted causal effect,small_slider_0_5_sd,0.09,0.0,0.0,0.0,0.0,0.0,True,0.21,0.12,37,33,mean,continuous,-1.0,1.0,True,
151,The Effect of Self-Awareness and Competition on Dishonesty,high_dishonesty_treatment,matrix_puzzle_high,"Wave 1 matrix puzzle reported matrices solved, high incentive",controlgroup,-0.312,-2.28,5.7,7.98,1.57,1.3796,False,5.487,5.799,195,284,mean,continuous,0,10,True,
151,The Effect of Self-Awareness and Competition on Dishonesty,high_dishonesty_treatment,matrix_puzzle_low,"Wave 1 matrix puzzle reported matrices solved, low incentive",controlgroup,-0.218,-2.76,4.72,7.48,1.2416,1.4496,False,5.528,5.746,195,284,mean,continuous,0,10,True,
151,The Effect of Self-Awareness and Competition on Dishonesty,high_dishonesty_treatment,modified_matrix_high,"Wave 2 modified matrix puzzle reported matrices solved, high incentive",controlgroup,-2.174,0.7935,10.12,9.3265,6.3056,7.321949,False,4.885,7.059,87,101,mean,continuous,0,10,True,
151,The Effect of Self-Awareness and Competition on Dishonesty,high_dishonesty_treatment,modified_matrix_low,"Wave 2 modified matrix puzzle reported matrices solved, low incentive",controlgroup,-2.743,-0.16,8.62,8.78,3.0756,3.6916,False,5.138,7.881,87,101,mean,continuous,0,10,True,
151,The Effect of Self-Awareness and Competition on Dishonesty,high_dishonesty_treatment,sender_receiver_high,"Wave 1 sender-receiver dishonest message rate, high incentive",controlgroup,0.095,1.0,1.0,0.0,0.0,0.0,True,0.595,0.5,195,284,proportion,binary,0,1,True,
151,The Effect of Self-Awareness and Competition on Dishonesty,high_dishonesty_treatment,sender_receiver_low,"Wave 1 sender-receiver dishonest message rate, low incentive",controlgroup,0.103,1.0,1.0,0.0,0.0,0.0,True,0.497,0.394,195,284,proportion,binary,0,1,True,
151,The Effect of Self-Awareness and Competition on Dishonesty,honesty_treatment,matrix_puzzle_high,"Wave 1 matrix puzzle reported matrices solved, high incentive",controlgroup,-0.931,-2.02,5.96,7.98,2.5984,1.3796,False,4.868,5.799,205,284,mean,continuous,0,10,True,
151,The Effect of Self-Awareness and Competition on Dishonesty,honesty_treatment,matrix_puzzle_low,"Wave 1 matrix puzzle reported matrices solved, low incentive",controlgroup,-0.98,-1.84,5.64,7.48,1.8304,1.4496,False,4.766,5.746,205,284,mean,continuous,0,10,True,
151,The Effect of Self-Awareness and Competition on Dishonesty,honesty_treatment,modified_matrix_high,"Wave 2 modified matrix puzzle reported matrices solved, high incentive",controlgroup,-1.006,-0.6265,8.7,9.3265,3.01,7.321949,False,6.053,7.059,76,101,mean,continuous,0,10,True,
151,The Effect of Self-Awareness and Competition on Dishonesty,honesty_treatment,modified_matrix_low,"Wave 2 modified matrix puzzle reported matrices solved, low incentive",controlgroup,-2.473,-0.1,8.68,8.78,3.4976,3.6916,False,5.408,7.881,76,101,mean,continuous,0,10,True,
151,The Effect of Self-Awareness and Competition on Dishonesty,honesty_treatment,sender_receiver_high,"Wave 1 sender-receiver dishonest message rate, high incentive",controlgroup,0.134,0.0,0.0,0.0,0.0,0.0,True,0.634,0.5,205,284,proportion,binary,0,1,True,
151,The Effect of Self-Awareness and Competition on Dishonesty,honesty_treatment,sender_receiver_low,"Wave 1 sender-receiver dishonest message rate, low incentive",controlgroup,0.182,0.0,0.0,0.0,0.0,0.0,True,0.576,0.394,205,284,proportion,binary,0,1,True,
151,The Effect of Self-Awareness and Competition on Dishonesty,low_dishonesty_treatment,matrix_puzzle_high,"Wave 1 matrix puzzle reported matrices solved, high incentive",controlgroup,-0.972,-0.44,7.54,7.98,1.8484,1.3796,False,4.827,5.799,208,284,mean,continuous,0,10,True,
151,The Effect of Self-Awareness and Competition on Dishonesty,low_dishonesty_treatment,matrix_puzzle_low,"Wave 1 matrix puzzle reported matrices solved, low incentive",controlgroup,-0.924,-0.58,6.9,7.48,5.61,1.4496,False,4.822,5.746,208,284,mean,continuous,0,10,True,
151,The Effect of Self-Awareness and Competition on Dishonesty,low_dishonesty_treatment,modified_matrix_high,"Wave 2 modified matrix puzzle reported matrices solved, high incentive",controlgroup,-1.703,0.2935,9.62,9.3265,6.4356,7.321949,False,5.356,7.059,104,101,mean,continuous,0,10,True,
151,The Effect of Self-Awareness and Competition on Dishonesty,low_dishonesty_treatment,modified_matrix_low,"Wave 2 modified matrix puzzle reported matrices solved, low incentive",controlgroup,-2.169,-0.62,8.16,8.78,1.4544,3.6916,False,5.712,7.881,104,101,mean,continuous,0,10,True,
151,The Effect of Self-Awareness and Competition on Dishonesty,low_dishonesty_treatment,sender_receiver_high,"Wave 1 sender-receiver dishonest message rate, high incentive",controlgroup,0.043,1.0,1.0,0.0,0.0,0.0,True,0.543,0.5,208,284,proportion,binary,0,1,True,
151,The Effect of Self-Awareness and Competition on Dishonesty,low_dishonesty_treatment,sender_receiver_low,"Wave 1 sender-receiver dishonest message rate, low incentive",controlgroup,0.12,1.0,1.0,0.0,0.0,0.0,True,0.514,0.394,208,284,proportion,binary,0,1,True,
152,Statistical Fairness Discrimination,less_justifiable_black,fairness_evaluation,Fairness Evaluation,more_justifiable,-0.898,-1.92,1.0,2.92,0.0,0.0736,False,,,,,mean,likert,1,7,True,
152,Statistical Fairness Discrimination,less_justifiable_white,fairness_evaluation,Fairness Evaluation,more_justifiable,-0.953,-1.92,1.0,2.92,0.0,0.0736,False,,,,,mean,likert,1,7,True,
159,The Ability to Distill the Truth,score_revelation,belief_update_points,Belief updating between mid-task and posterior beliefs,control,-0.287,0.5,0.52,0.02,0.7296,0.0196,False,-0.487,-0.2,,,mean,continuous,-10,10,True,
159,The Ability to Distill the Truth,score_revelation,posterior_belief_error,Absolute error in posterior beliefs about news-accuracy detection ability,control,-0.203,-1.4,0.0,1.4,0.0,0.96,False,1.887,2.09,,,mean,continuous,0,10,True,
162,Which Job Attributes Attract Individuals High in Public Service Motivation and Self-Efficacy to a Public Service Job?,bonus_large,profile_chosen_probability,Probability that the job profile is chosen,baseline_job_profile,0.023,-0.08,0.92,1.0,0.0736,0.0,False,0.458,0.435,9006,9006,proportion,binary,0,1,True,
162,Which Job Attributes Attract Individuals High in Public Service Motivation and Self-Efficacy to a Public Service Job?,community_income_high,profile_chosen_probability,Probability that the job profile is chosen,baseline_job_profile,0.06,-1.0,0.0,1.0,0.0,0.0,True,0.495,0.435,9006,9006,proportion,binary,0,1,True,
162,Which Job Attributes Attract Individuals High in Public Service Motivation and Self-Efficacy to a Public Service Job?,community_multiracial,profile_chosen_probability,Probability that the job profile is chosen,baseline_job_profile,0.107,-1.0,0.0,1.0,0.0,0.0,True,0.542,0.435,9006,9006,proportion,binary,0,1,True,
162,Which Job Attributes Attract Individuals High in Public Service Motivation and Self-Efficacy to a Public Service Job?,goal_eval_attendance,profile_chosen_probability,Probability that the job profile is chosen,baseline_job_profile,-0.072,-0.5,0.5,1.0,0.25,0.0,False,0.363,0.435,9006,9006,proportion,binary,0,1,True,
162,Which Job Attributes Attract Individuals High in Public Service Motivation and Self-Efficacy to a Public Service Job?,goal_eval_changes,profile_chosen_probability,Probability that the job profile is chosen,baseline_job_profile,-0.082,-0.08,0.92,1.0,0.0736,0.0,False,0.353,0.435,9006,9006,proportion,binary,0,1,True,
162,Which Job Attributes Attract Individuals High in Public Service Motivation and Self-Efficacy to a Public Service Job?,overtime_frequent,profile_chosen_probability,Probability that the job profile is chosen,baseline_job_profile,-0.198,0.0,1.0,1.0,0.0,0.0,True,0.237,0.435,9006,9006,proportion,binary,0,1,True,
162,Which Job Attributes Attract Individuals High in Public Service Motivation and Self-Efficacy to a Public Service Job?,pay_about_average,profile_chosen_probability,Probability that the job profile is chosen,baseline_job_profile,0.175,-1.0,0.0,1.0,0.0,0.0,True,0.61,0.435,9006,9006,proportion,binary,0,1,True,
162,Which Job Attributes Attract Individuals High in Public Service Motivation and Self-Efficacy to a Public Service Job?,pay_above_average,profile_chosen_probability,Probability that the job profile is chosen,baseline_job_profile,0.253,-1.0,0.0,1.0,0.0,0.0,True,0.688,0.435,9006,9006,proportion,binary,0,1,True,
162,Which Job Attributes Attract Individuals High in Public Service Motivation and Self-Efficacy to a Public Service Job?,task_direct_interaction,profile_chosen_probability,Probability that the job profile is chosen,baseline_job_profile,-0.051,-1.0,0.0,1.0,0.0,0.0,True,0.384,0.435,9006,9006,proportion,binary,0,1,True,
169,Preferences for Giving Versus Preferences for Redistribution,giving_to_many_large,prosocial_choice,Prosocial Choice,vote_redistribution_small,-0.357,0.0,1.0,1.0,0.0,0.0,True,,,,,coefficient,binary,0,1,True,
169,Preferences for Giving Versus Preferences for Redistribution,giving_to_many_small,prosocial_choice,Prosocial Choice,vote_redistribution_small,-0.174,0.0,1.0,1.0,0.0,0.0,True,,,,,coefficient,binary,0,1,True,
169,Preferences for Giving Versus Preferences for Redistribution,giving_to_one_small,prosocial_choice,Prosocial Choice,vote_redistribution_small,-0.078,0.0,1.0,1.0,0.0,0.0,True,,,,,coefficient,binary,0,1,True,
169,Preferences for Giving Versus Preferences for Redistribution,vote_redistribution_large,prosocial_choice,Prosocial Choice,vote_redistribution_small,-0.019,0.0,1.0,1.0,0.0,0.0,True,,,,,coefficient,binary,0,1,True,
174,COVID-19 Information Treatments Shift Related Policy Preferences and Plans for Consumer Behavior,aap_in_person_schooling,agree_to_be_vaccinated,Agree to be vaccinated in spring 2021 with COVID vaccine,record_high_cases,-0.032,0.0,1.0,1.0,0.0,0.0,True,0.518,0.55,,,proportion,binary,0,1,True,
174,COVID-19 Information Treatments Shift Related Policy Preferences and Plans for Consumer Behavior,aap_in_person_schooling,likely_eat_at_restaurant,Likely to eat at a restaurant,record_high_cases,0.115,1.0,1.0,0.0,0.0,0.0,True,0.51,0.395,,,proportion,binary,0,1,True,
174,COVID-19 Information Treatments Shift Related Policy Preferences and Plans for Consumer Behavior,aap_in_person_schooling,support_k12_in_person_schooling,Support providing in-person schooling for K-12 students,record_high_cases,0.157,1.0,1.0,0.0,0.0,0.0,True,0.662,0.505,,,proportion,binary,0,1,True,
174,COVID-19 Information Treatments Shift Related Policy Preferences and Plans for Consumer Behavior,high_hospitalizations,agree_to_be_vaccinated,Agree to be vaccinated in spring 2021 with COVID vaccine,record_high_cases,-0.037,0.0,1.0,1.0,0.0,0.0,True,0.513,0.55,,,proportion,binary,0,1,True,
174,COVID-19 Information Treatments Shift Related Policy Preferences and Plans for Consumer Behavior,high_hospitalizations,likely_eat_at_restaurant,Likely to eat at a restaurant,record_high_cases,0.043,0.0,0.0,0.0,0.0,0.0,True,0.438,0.395,,,proportion,binary,0,1,True,
174,COVID-19 Information Treatments Shift Related Policy Preferences and Plans for Consumer Behavior,high_hospitalizations,support_k12_in_person_schooling,Support providing in-person schooling for K-12 students,record_high_cases,0.056,0.0,0.0,0.0,0.0,0.0,True,0.561,0.505,,,proportion,binary,0,1,True,
174,COVID-19 Information Treatments Shift Related Policy Preferences and Plans for Consumer Behavior,jobless_rate,agree_to_be_vaccinated,Agree to be vaccinated in spring 2021 with COVID vaccine,record_high_cases,0.005,0.0,1.0,1.0,0.0,0.0,True,0.555,0.55,,,proportion,binary,0,1,True,
174,COVID-19 Information Treatments Shift Related Policy Preferences and Plans for Consumer Behavior,jobless_rate,likely_eat_at_restaurant,Likely to eat at a restaurant,record_high_cases,0.075,1.0,1.0,0.0,0.0,0.0,True,0.47,0.395,,,proportion,binary,0,1,True,
174,COVID-19 Information Treatments Shift Related Policy Preferences and Plans for Consumer Behavior,jobless_rate,support_k12_in_person_schooling,Support providing in-person schooling for K-12 students,record_high_cases,0.109,1.0,1.0,0.0,0.0,0.0,True,0.614,0.505,,,proportion,binary,0,1,True,
176,A Word is Worth A Thousand Words: Biased Beliefs about Political Language Use,incentive_left,prediction_error_left_targets,Prediction error for Left respondents,no_incentive_moderate,-1.223,-10.78,0.0,10.78,0.0,52.8516,False,26.967,28.19,,,mean,continuous,0,100,True,
176,A Word is Worth A Thousand Words: Biased Beliefs about Political Language Use,incentive_left,prediction_error_moderate_targets,Prediction error for moderate respondents,no_incentive_moderate,0.042,-0.04,0.0,0.04,0.0,0.0384,False,23.032,22.99,,,mean,continuous,0,100,True,
176,A Word is Worth A Thousand Words: Biased Beliefs about Political Language Use,incentive_left,prediction_error_right_targets,Prediction error for Right respondents,no_incentive_moderate,6.127,-13.26,0.0,13.26,0.0,56.5924,False,27.097,20.97,,,mean,continuous,0,100,True,
176,A Word is Worth A Thousand Words: Biased Beliefs about Political Language Use,incentive_moderate,prediction_error_left_targets,Prediction error for Left respondents,no_incentive_moderate,1.699,-9.72,1.06,10.78,13.6164,52.8516,False,29.889,28.19,,,mean,continuous,0,100,True,
176,A Word is Worth A Thousand Words: Biased Beliefs about Political Language Use,incentive_moderate,prediction_error_moderate_targets,Prediction error for moderate respondents,no_incentive_moderate,3.28,-0.04,0.0,0.04,0.0,0.0384,False,26.27,22.99,,,mean,continuous,0,100,True,
176,A Word is Worth A Thousand Words: Biased Beliefs about Political Language Use,incentive_moderate,prediction_error_right_targets,Prediction error for Right respondents,no_incentive_moderate,3.764,-9.5503,3.7097,13.26,48.657648,56.5924,False,24.734,20.97,,,mean,continuous,0,100,True,
176,A Word is Worth A Thousand Words: Biased Beliefs about Political Language Use,incentive_right,prediction_error_left_targets,Prediction error for Left respondents,no_incentive_moderate,1.129,-10.78,0.0,10.78,0.0,52.8516,False,29.319,28.19,,,mean,continuous,0,100,True,
176,A Word is Worth A Thousand Words: Biased Beliefs about Political Language Use,incentive_right,prediction_error_moderate_targets,Prediction error for moderate respondents,no_incentive_moderate,-1.013,-0.04,0.0,0.04,0.0,0.0384,False,21.977,22.99,,,mean,continuous,0,100,True,
176,A Word is Worth A Thousand Words: Biased Beliefs about Political Language Use,incentive_right,prediction_error_right_targets,Prediction error for Right respondents,no_incentive_moderate,2.533,-13.26,0.0,13.26,0.0,56.5924,False,23.503,20.97,,,mean,continuous,0,100,True,
176,A Word is Worth A Thousand Words: Biased Beliefs about Political Language Use,no_incentive_left,prediction_error_left_targets,Prediction error for Left respondents,no_incentive_moderate,-2.462,-10.72,0.06,10.78,0.0564,52.8516,False,25.728,28.19,,,mean,continuous,0,100,True,
176,A Word is Worth A Thousand Words: Biased Beliefs about Political Language Use,no_incentive_left,prediction_error_moderate_targets,Prediction error for moderate respondents,no_incentive_moderate,0.776,3.5509,3.5909,0.04,38.832645,0.0384,False,23.766,22.99,,,mean,continuous,0,100,True,
176,A Word is Worth A Thousand Words: Biased Beliefs about Political Language Use,no_incentive_left,prediction_error_right_targets,Prediction error for Right respondents,no_incentive_moderate,6.096,3.7,16.96,13.26,30.4784,56.5924,False,27.066,20.97,,,mean,continuous,0,100,True,
176,A Word is Worth A Thousand Words: Biased Beliefs about Political Language Use,no_incentive_right,prediction_error_left_targets,Prediction error for Left respondents,no_incentive_moderate,-0.773,-2.5191,8.2609,10.78,82.192817,52.8516,False,27.417,28.19,,,mean,continuous,0,100,True,
176,A Word is Worth A Thousand Words: Biased Beliefs about Political Language Use,no_incentive_right,prediction_error_moderate_targets,Prediction error for moderate respondents,no_incentive_moderate,-0.382,3.1213,3.1613,0.04,45.103018,0.0384,False,22.608,22.99,,,mean,continuous,0,100,True,
176,A Word is Worth A Thousand Words: Biased Beliefs about Political Language Use,no_incentive_right,prediction_error_right_targets,Prediction error for Right respondents,no_incentive_moderate,3.758,-13.26,0.0,13.26,0.0,56.5924,False,24.728,20.97,,,mean,continuous,0,100,True,
178,"Attention, expectation updating, and subjective models of the macroeconomy",high_inflation,durable_goods,Durable Goods,low_inflation,0.1,,,,,,False,,,,,coefficient,categorical,,,False,llm control mean missing
178,"Attention, expectation updating, and subjective models of the macroeconomy",high_inflation,interest_expectation,Interest Expectation,low_inflation,0.172,3.06,6.86,3.8,0.2004,0.43,False,,,,,coefficient,continuous,0,5,True,
178,"Attention, expectation updating, and subjective models of the macroeconomy",high_inflation,invest_funds,Invest Funds,low_inflation,-37.23,-31.92,170.38,202.3,93970.8456,61274.86,False,,,,,coefficient,continuous,0,1000,True,
178,"Attention, expectation updating, and subjective models of the macroeconomy",high_inflation,non_durable_goods,Non-Durable Goods,low_inflation,0.132,,,,,,False,,,,,coefficient,categorical,,,False,llm control mean missing
178,"Attention, expectation updating, and subjective models of the macroeconomy",high_inflation,unemp_expectation,Unemployment Expectation,low_inflation,1.044,2.544,6.58,4.036,0.2436,0.021904,False,,,,,coefficient,continuous,0,25,True,
183,Do people trust humans more than ChatGPT?,ai_written_informed,high_trust_accuracy,High trust that the paragraph had no factual errors,human_written_informed,0.0,0.0,1.0,1.0,0.0,0.0,True,0.2,0.2,148,164,proportion,binary,0,1,True,
